rxn	MARD_SAMN02436108_REFG_MMP02436108	MARD_SAMN02436163_REFG_MMP02436163	MARD_SAMN04488041_REFG_MMP04488041	MARD_SAMN04965931_REFG_MMP04965931
DM_cpd01042_c0	1	1	1	1
EX_cpd00001_e0	1	1	1	1
EX_cpd00006_e0	1	1	1	1
EX_cpd00007_e0	1	1	1	1
EX_cpd00009_e0	1	1	1	1
EX_cpd00010_e0	1	1	1	1
EX_cpd00011_e0	1	1	1	1
EX_cpd00013_e0	1	1	1	1
EX_cpd00020_e0	1	1	1	1
EX_cpd00023_e0	1	1	1	1
EX_cpd00025_e0	1	1	1	1
EX_cpd00027_e0	1	1	1	1
EX_cpd00028_e0	1	1	1	1
EX_cpd00029_e0	1	1	1	1
EX_cpd00030_e0	1	1	1	1
EX_cpd00033_e0	1	1	1	1
EX_cpd00034_e0	1	1	1	1
EX_cpd00035_e0	1	1	1	1
EX_cpd00036_e0	1	1	1	1
EX_cpd00039_e0	1	1	1	1
EX_cpd00041_e0	1	1	1	1
EX_cpd00048_e0	1	1	1	1
EX_cpd00051_e0	1	1	1	1
EX_cpd00053_e0	1	1	1	1
EX_cpd00054_e0	1	1	1	1
EX_cpd00055_e0	1	1	1	1
EX_cpd00058_e0	1	1	1	1
EX_cpd00060_e0	1	1	1	1
EX_cpd00063_e0	1	1	1	1
EX_cpd00064_e0	1	1	1	1
EX_cpd00067_e0	1	1	1	1
EX_cpd00069_e0	1	1	1	1
EX_cpd00071_e0	1	1	1	1
EX_cpd00073_e0	1	1	1	1
EX_cpd00075_e0	1	1	1	1
EX_cpd00082_e0	1	1	1	1
EX_cpd00084_e0	1	1	1	1
EX_cpd00098_e0	1	1	1	1
EX_cpd00099_e0	1	1	1	1
EX_cpd00105_e0	1	1	1	1
EX_cpd00106_e0	1	1	1	1
EX_cpd00107_e0	1	1	1	1
EX_cpd00108_e0	1	1	1	1
EX_cpd00116_e0	1	1	1	1
EX_cpd00118_e0	1	1	1	1
EX_cpd00119_e0	1	1	1	1
EX_cpd00121_e0	1	1	1	1
EX_cpd00129_e0	1	1	1	1
EX_cpd00130_e0	1	1	1	1
EX_cpd00132_e0	1	1	1	1
EX_cpd00133_e0	1	1	1	1
EX_cpd00136_e0	1	1	1	1
EX_cpd00137_e0	1	1	1	1
EX_cpd00138_e0	1	1	1	1
EX_cpd00141_e0	1	1	1	1
EX_cpd00149_e0	1	1	1	1
EX_cpd00150_e0	1	1	1	1
EX_cpd00153_e0	1	1	1	1
EX_cpd00154_e0	1	1	1	1
EX_cpd00156_e0	1	1	1	1
EX_cpd00159_e0	1	1	1	1
EX_cpd00161_e0	1	1	1	1
EX_cpd00178_e0	1	1	1	1
EX_cpd00179_e0	1	1	1	1
EX_cpd00185_e0	1	1	1	1
EX_cpd00204_e0	1	1	1	1
EX_cpd00205_e0	1	1	1	1
EX_cpd00208_e0	1	1	1	1
EX_cpd00209_e0	1	1	1	1
EX_cpd00210_e0	1	1	1	1
EX_cpd00211_e0	1	1	1	1
EX_cpd00214_e0	1	1	1	1
EX_cpd00220_e0	1	1	1	1
EX_cpd00221_e0	1	1	1	1
EX_cpd00222_e0	1	1	1	1
EX_cpd00224_e0	1	1	1	1
EX_cpd00239_e0	1	1	1	1
EX_cpd00244_e0	1	1	1	1
EX_cpd00254_e0	0	1	0	0
EX_cpd00264_e0	1	1	1	1
EX_cpd00268_e0	1	1	1	1
EX_cpd00277_e0	1	1	1	1
EX_cpd00281_e0	1	1	1	1
EX_cpd00305_e0	1	1	1	1
EX_cpd00309_e0	1	1	1	1
EX_cpd00314_e0	1	1	1	1
EX_cpd00322_e0	1	1	1	1
EX_cpd00324_e0	1	1	1	1
EX_cpd00359_e0	1	1	1	1
EX_cpd00363_e0	1	1	1	1
EX_cpd00367_e0	1	1	1	1
EX_cpd00371_e0	1	1	1	1
EX_cpd00380_e0	1	1	1	1
EX_cpd00396_e0	1	1	1	1
EX_cpd00418_e0	1	1	1	1
EX_cpd00448_e0	1	1	1	1
EX_cpd00450_e0	1	1	1	1
EX_cpd00453_e0	1	1	1	1
EX_cpd00489_e0	0	1	0	1
EX_cpd00528_e0	1	1	1	1
EX_cpd00531_e0	1	1	1	1
EX_cpd00540_e0	1	1	1	1
EX_cpd00653_e0	1	1	1	1
EX_cpd00659_e0	1	1	1	1
EX_cpd00751_e0	1	1	1	1
EX_cpd00794_e0	1	1	1	1
EX_cpd00811_e0	1	1	1	1
EX_cpd00971_e0	1	1	1	1
EX_cpd01012_e0	1	1	1	1
EX_cpd01024_e0	1	1	1	1
EX_cpd01048_e0	1	1	1	1
EX_cpd01080_e0	1	1	1	1
EX_cpd01107_e0	1	1	1	1
EX_cpd01113_e0	1	1	1	1
EX_cpd01132_e0	1	1	1	1
EX_cpd01217_e0	1	1	1	1
EX_cpd01262_e0	1	1	1	1
EX_cpd01354_e0	1	1	1	1
EX_cpd01399_e0	1	1	1	1
EX_cpd01618_e0	1	1	1	1
EX_cpd01741_e0	1	1	1	1
EX_cpd01861_e0	1	1	1	1
EX_cpd01981_e0	1	1	1	1
EX_cpd02733_e0	1	1	1	1
EX_cpd03662_e0	1	1	1	1
EX_cpd03724_e0	1	1	1	1
EX_cpd03808_e0	1	1	1	1
EX_cpd03846_e0	1	1	1	1
EX_cpd03847_e0	1	1	1	1
EX_cpd04097_e0	1	1	1	1
EX_cpd04098_e0	1	1	1	1
EX_cpd08021_e0	1	1	1	1
EX_cpd10515_e0	1	1	1	1
EX_cpd10516_e0	1	1	1	1
EX_cpd11451_e0	1	1	1	1
EX_cpd11574_e0	1	1	1	1
EX_cpd11595_e0	1	1	1	1
EX_cpd11606_e0	1	1	1	1
EX_cpd11632_e0	1	1	1	1
EX_cpd11640_e0	1	1	1	1
EX_cpd11976_e0	1	1	1	1
EX_cpd15237_e0	1	1	1	1
EX_cpd15269_e0	1	1	1	1
EX_cpd15298_e0	1	1	1	1
EX_cpd15494_e0	1	1	1	1
EX_cpd17026_e0	1	1	1	1
EX_cpd17027_e0	1	1	1	1
bio1	1	1	1	1
rxn00001_c0	1	1	1	1
rxn00002_c0	0	1	1	0
rxn00003_c0	1	1	1	1
rxn00006_c0	1	1	1	1
rxn00010_c0	1	1	1	1
rxn00011_c0	1	1	1	1
rxn00029_c0	1	1	1	1
rxn00032_c0	1	1	1	1
rxn00048_c0	1	1	1	1
rxn00056_c0	1	0	1	0
rxn00058_c0	1	1	1	1
rxn00060_c0	1	1	1	1
rxn00062_c0	1	1	1	1
rxn00068_c0	1	1	1	1
rxn00070_c0	1	1	1	1
rxn00076_c0	1	1	1	1
rxn00077_c0	1	1	1	1
rxn00085_c0	1	1	1	1
rxn00086_c0	1	1	1	1
rxn00088_c0	1	1	1	1
rxn00097_c0	1	1	1	1
rxn00100_c0	1	1	1	1
rxn00101_c0	1	1	1	1
rxn00103_c0	1	1	1	1
rxn00104_c0	1	1	1	1
rxn00105_c0	1	1	1	1
rxn00106_c0	1	1	1	1
rxn00107_c0	1	1	1	1
rxn00117_c0	1	1	1	1
rxn00119_c0	1	1	1	1
rxn00120_c0	1	1	1	1
rxn00121_c0	1	1	1	1
rxn00122_c0	1	1	1	1
rxn00126_c0	1	1	1	1
rxn00131_c0	1	1	1	1
rxn00132_c0	1	1	1	1
rxn00138_c0	1	1	1	1
rxn00139_c0	1	1	1	1
rxn00141_c0	1	1	1	1
rxn00147_c0	1	1	1	1
rxn00148_c0	1	1	1	1
rxn00149_c0	1	1	1	1
rxn00154_c0	1	1	1	1
rxn00159_c0	1	1	1	1
rxn00161_c0	1	1	1	1
rxn00162_c0	1	1	1	1
rxn00165_c0	1	1	1	1
rxn00173_c0	1	1	1	1
rxn00174_c0	1	1	1	1
rxn00175_c0	1	1	1	1
rxn00176_c0	1	1	1	1
rxn00177_c0	1	1	1	1
rxn00178_c0	1	1	1	1
rxn00179_c0	1	1	1	1
rxn00182_c0	1	1	1	1
rxn00183_c0	1	1	1	1
rxn00184_c0	1	1	1	1
rxn00186_c0	1	1	1	1
rxn00187_c0	1	1	1	1
rxn00189_c0	1	1	1	1
rxn00190_c0	1	1	1	1
rxn00192_c0	1	1	1	1
rxn00193_c0	1	1	1	1
rxn00196_c0	1	1	1	1
rxn00198_c0	1	1	1	1
rxn00199_c0	1	1	1	1
rxn00202_c0	1	1	1	1
rxn00203_c0	1	1	1	1
rxn00204_c0	1	1	1	1
rxn00206_c0	1	1	1	1
rxn00208_c0	1	1	1	1
rxn00209_c0	1	1	1	1
rxn00211_c0	1	1	1	1
rxn00212_c0	1	1	1	1
rxn00213_c0	1	1	1	1
rxn00214_c0	1	1	1	1
rxn00223_c0	1	1	1	1
rxn00224_c0	1	1	1	1
rxn00225_c0	1	1	1	1
rxn00226_c0	1	1	1	1
rxn00231_c0	1	1	1	1
rxn00237_c0	1	1	1	1
rxn00238_c0	1	1	1	1
rxn00239_c0	1	1	1	1
rxn00241_c0	1	1	1	1
rxn00242_c0	1	1	1	1
rxn00247_c0	1	1	1	1
rxn00248_c0	1	1	1	1
rxn00250_c0	1	1	1	1
rxn00251_c0	1	1	1	1
rxn00256_c0	1	1	1	1
rxn00260_c0	1	1	1	1
rxn00262_c0	1	1	1	1
rxn00264_c0	1	1	1	1
rxn00272_c0	1	1	1	1
rxn00273_c0	1	1	1	1
rxn00274_c0	1	1	1	1
rxn00278_c0	1	1	1	1
rxn00283_c0	1	1	1	1
rxn00285_c0	1	1	1	1
rxn00289_c0	1	1	1	0
rxn00292_c0	0	0	1	0
rxn00293_c0	1	1	1	1
rxn00295_c0	1	1	1	1
rxn00297_c0	0	0	1	0
rxn00298_c0	1	1	1	0
rxn00299_c0	1	1	1	1
rxn00300_c0	1	1	1	1
rxn00301_c0	1	1	1	1
rxn00302_c0	1	1	1	1
rxn00303_c0	1	1	1	1
rxn00304_c0	1	1	1	1
rxn00306_c0	1	1	1	1
rxn00313_c0	1	1	1	1
rxn00322_c0	1	1	1	1
rxn00330_c0	1	1	1	1
rxn00331_c0	1	1	1	1
rxn00333_c0	1	1	1	1
rxn00337_c0	1	1	1	1
rxn00338_c0	1	1	1	1
rxn00340_c0	1	0	0	0
rxn00347_c0	1	1	1	1
rxn00351_c0	1	1	1	1
rxn00359_c0	1	1	1	1
rxn00361_c0	1	1	1	1
rxn00363_c0	1	1	1	1
rxn00364_c0	1	1	1	1
rxn00377_c0	1	1	1	1
rxn00378_c0	1	1	1	1
rxn00379_c0	1	1	1	1
rxn00391_c0	1	1	1	1
rxn00392_c0	1	1	1	1
rxn00394_c0	1	1	1	1
rxn00408_c0	1	1	1	1
rxn00409_c0	1	1	1	1
rxn00410_c0	1	1	1	1
rxn00411_c0	1	1	1	1
rxn00412_c0	1	1	1	1
rxn00414_c0	1	1	1	1
rxn00416_c0	1	0	0	0
rxn00423_c0	1	1	1	1
rxn00424_c0	1	1	1	1
rxn00425_c0	1	1	1	1
rxn00426_c0	1	1	1	1
rxn00427_c0	1	1	1	1
rxn00429_c0	1	1	1	1
rxn00436_c0	1	1	1	1
rxn00441_c0	1	1	1	1
rxn00442_c0	1	1	1	1
rxn00453_c0	1	1	1	1
rxn00456_c0	1	1	1	1
rxn00459_c0	1	1	1	1
rxn00460_c0	1	1	1	1
rxn00461_c0	1	1	1	1
rxn00463_c0	1	1	1	1
rxn00469_c0	1	1	1	1
rxn00471_c0	1	1	1	1
rxn00474_c0	1	1	1	1
rxn00478_c0	1	1	1	1
rxn00483_c0	1	1	1	1
rxn00484_c0	1	0	0	0
rxn00493_c0	1	1	1	1
rxn00497_c0	1	0	0	0
rxn00499_c0	1	1	1	1
rxn00501_c0	1	1	1	1
rxn00502_c0	1	1	1	1
rxn00503_c0	1	1	1	1
rxn00504_c0	1	1	1	1
rxn00506_c0	1	1	1	1
rxn00507_c0	1	1	1	1
rxn00508_c0	1	1	1	1
rxn00509_c0	1	1	1	1
rxn00512_c0	1	1	1	1
rxn00513_c0	1	1	1	1
rxn00514_c0	1	1	1	1
rxn00515_c0	1	1	1	1
rxn00517_c0	1	1	1	1
rxn00520_c0	1	1	1	1
rxn00525_c0	1	1	1	1
rxn00527_c0	1	1	1	1
rxn00529_c0	1	0	0	0
rxn00532_c0	1	1	1	1
rxn00533_c0	1	1	1	1
rxn00540_c0	1	1	1	1
rxn00541_c0	1	1	1	1
rxn00543_c0	1	1	1	1
rxn00547_c0	1	1	1	1
rxn00549_c0	1	1	1	1
rxn00553_c0	1	1	1	0
rxn00555_c0	1	1	1	1
rxn00558_c0	1	1	1	1
rxn00559_c0	1	1	1	1
rxn00560_c0	1	1	1	1
rxn00566_c0	1	1	1	1
rxn00569_c0	1	1	1	1
rxn00572_c0	1	1	1	1
rxn00578_c0	1	1	1	0
rxn00594_c0	1	1	0	1
rxn00595_c0	1	1	0	1
rxn00598_c0	1	1	1	1
rxn00599_c0	1	1	1	1
rxn00600_c0	1	1	1	1
rxn00602_c0	1	1	1	1
rxn00604_c0	1	1	1	1
rxn00610_c0	1	1	1	1
rxn00611_c0	1	1	1	1
rxn00612_c0	1	1	1	1
rxn00615_c0	1	1	1	1
rxn00638_c0	1	1	1	1
rxn00641_c0	1	1	1	1
rxn00642_c0	1	1	1	1
rxn00647_c0	1	1	1	1
rxn00650_c0	1	1	1	1
rxn00653_c0	1	1	1	1
rxn00654_c0	1	1	1	1
rxn00656_c0	1	1	1	1
rxn00668_c0	1	1	1	1
rxn00671_c0	1	1	1	1
rxn00672_c0	1	1	1	1
rxn00674_c0	1	1	1	1
rxn00675_c0	1	1	1	1
rxn00676_c0	1	1	1	1
rxn00678_c0	1	1	1	1
rxn00679_c0	1	1	1	0
rxn00682_c0	1	1	1	1
rxn00684_c0	1	1	1	1
rxn00686_c0	1	1	1	1
rxn00690_c0	1	1	1	1
rxn00691_c0	1	1	1	1
rxn00692_c0	1	1	1	1
rxn00693_c0	1	1	1	1
rxn00704_c0	1	1	1	1
rxn00708_c0	1	1	1	1
rxn00710_c0	1	1	1	1
rxn00711_c0	1	1	1	1
rxn00720_c0	1	1	1	1
rxn00726_c0	1	1	1	1
rxn00727_c0	1	1	1	1
rxn00728_c0	1	1	1	1
rxn00735_c0	1	1	1	1
rxn00736_c0	1	1	1	1
rxn00737_c0	1	1	1	1
rxn00742_c0	1	1	1	1
rxn00743_c0	1	1	1	1
rxn00747_c0	1	1	1	1
rxn00751_c0	1	1	1	1
rxn00752_c0	1	1	1	1
rxn00758_c0	1	1	1	1
rxn00762_c0	1	1	1	1
rxn00763_c0	1	1	1	1
rxn00770_c0	1	1	1	1
rxn00776_c0	1	1	1	1
rxn00777_c0	1	1	1	1
rxn00778_c0	1	1	1	1
rxn00779_c0	1	1	1	1
rxn00781_c0	1	1	1	1
rxn00782_c0	1	1	1	1
rxn00783_c0	1	1	1	1
rxn00785_c0	1	1	1	1
rxn00786_c0	1	1	1	1
rxn00789_c0	1	1	1	1
rxn00790_c0	1	1	1	1
rxn00791_c0	1	1	1	1
rxn00792_c0	1	1	1	1
rxn00797_c0	1	1	1	1
rxn00799_c0	1	1	1	1
rxn00800_c0	1	1	1	1
rxn00802_c0	1	1	1	1
rxn00806_c0	1	1	1	1
rxn00816_c0	1	1	1	1
rxn00817_c0	1	1	1	1
rxn00818_c0	1	1	1	1
rxn00819_c0	1	1	1	1
rxn00821_c0	1	1	1	1
rxn00830_c0	1	1	1	1
rxn00831_c0	1	1	1	1
rxn00832_c0	1	1	1	1
rxn00834_c0	1	1	1	1
rxn00836_c0	1	1	1	1
rxn00838_c0	1	1	1	1
rxn00839_c0	1	1	1	1
rxn00840_c0	1	1	1	1
rxn00851_c0	1	1	1	1
rxn00856_c0	1	1	1	0
rxn00858_c0	1	1	1	1
rxn00859_c0	1	1	1	1
rxn00863_c0	1	1	1	1
rxn00866_c0	1	0	0	0
rxn00872_c0	1	1	1	1
rxn00873_c0	1	1	1	1
rxn00874_c0	1	1	1	1
rxn00875_c0	1	1	1	1
rxn00881_c0	1	1	1	1
rxn00882_c0	1	1	1	1
rxn00883_c0	1	1	1	1
rxn00890_c0	1	1	1	1
rxn00898_c0	1	1	1	1
rxn00899_c0	1	1	1	1
rxn00902_c0	1	1	1	1
rxn00903_c0	1	1	1	1
rxn00904_c0	1	1	1	1
rxn00905_c0	1	1	1	1
rxn00906_c0	1	1	1	1
rxn00907_c0	1	1	1	1
rxn00908_c0	1	1	1	1
rxn00910_c0	1	1	1	1
rxn00912_c0	1	1	1	1
rxn00913_c0	1	1	1	1
rxn00915_c0	1	1	1	1
rxn00916_c0	1	1	1	1
rxn00917_c0	1	1	1	1
rxn00926_c0	1	1	1	1
rxn00927_c0	1	1	1	1
rxn00928_c0	1	1	1	1
rxn00930_c0	1	1	1	1
rxn00934_c0	1	1	1	1
rxn00942_c0	1	1	1	1
rxn00946_c0	1	1	1	1
rxn00947_c0	1	1	1	1
rxn00950_c0	1	1	1	1
rxn00952_c0	1	1	1	1
rxn00957_c0	1	1	1	1
rxn00962_c0	1	1	1	1
rxn00964_c0	1	1	1	1
rxn00973_c0	1	1	1	1
rxn00974_c0	1	1	1	1
rxn00977_c0	1	1	1	1
rxn00979_c0	1	1	1	1
rxn00986_c0	1	1	1	1
rxn00987_c0	1	1	1	1
rxn00988_c0	1	1	1	1
rxn00990_c0	1	1	1	1
rxn00991_c0	1	1	1	1
rxn00993_c0	1	1	1	1
rxn00999_c0	1	1	1	1
rxn01008_c0	1	1	1	0
rxn01011_c0	1	1	1	1
rxn01013_c0	1	1	1	1
rxn01018_c0	1	1	1	1
rxn01019_c0	1	1	1	1
rxn01022_c0	1	1	1	1
rxn01028_c0	1	1	1	1
rxn01032_c0	1	1	1	1
rxn01035_c0	1	1	1	0
rxn01044_c0	1	1	1	1
rxn01053_c0	1	1	1	1
rxn01068_c0	1	1	1	1
rxn01069_c0	1	1	1	1
rxn01073_c0	1	1	1	1
rxn01075_c0	1	1	1	1
rxn01100_c0	1	1	1	1
rxn01101_c0	1	1	1	1
rxn01104_c0	1	1	1	1
rxn01106_c0	1	1	1	1
rxn01115_c0	1	1	1	1
rxn01116_c0	1	1	1	1
rxn01117_c0	1	1	1	1
rxn01119_c0	1	1	1	1
rxn01121_c0	1	1	1	1
rxn01124_c0	1	1	1	0
rxn01127_c0	1	1	1	1
rxn01136_c0	1	1	1	1
rxn01137_c0	1	1	1	1
rxn01138_c0	1	1	1	1
rxn01142_c0	1	1	1	1
rxn01143_c0	1	1	1	1
rxn01145_c0	1	1	1	1
rxn01146_c0	1	1	1	1
rxn01153_c0	1	1	1	1
rxn01174_c0	1	1	1	1
rxn01182_c0	1	1	1	1
rxn01192_c0	1	1	1	1
rxn01199_c0	1	1	1	1
rxn01200_c0	1	1	1	1
rxn01201_c0	1	1	1	1
rxn01207_c0	1	1	1	1
rxn01210_c0	1	1	1	1
rxn01211_c0	1	1	1	1
rxn01213_c0	1	1	1	1
rxn01218_c0	1	1	1	1
rxn01219_c0	1	1	1	1
rxn01225_c0	1	1	1	1
rxn01226_c0	1	1	1	1
rxn01228_c0	1	1	1	1
rxn01231_c0	1	1	1	1
rxn01233_c0	1	1	1	1
rxn01241_c0	1	1	1	1
rxn01242_c0	1	1	1	1
rxn01243_c0	1	1	1	1
rxn01251_c0	1	1	1	1
rxn01252_c0	1	1	1	1
rxn01255_c0	1	1	1	1
rxn01256_c0	1	1	1	1
rxn01257_c0	1	1	1	1
rxn01261_c0	1	1	1	1
rxn01265_c0	1	1	1	1
rxn01268_c0	1	1	1	1
rxn01274_c0	1	1	1	1
rxn01279_c0	1	1	1	1
rxn01286_c0	1	1	1	1
rxn01294_c0	1	1	1	1
rxn01296_c0	1	1	1	1
rxn01297_c0	1	1	1	1
rxn01298_c0	1	1	1	1
rxn01299_c0	1	1	1	1
rxn01300_c0	1	1	1	1
rxn01301_c0	1	1	1	1
rxn01302_c0	1	1	1	1
rxn01303_c0	1	1	1	1
rxn01304_c0	1	1	1	1
rxn01305_c0	1	1	1	1
rxn01316_c0	1	1	1	1
rxn01329_c0	1	1	1	1
rxn01331_c0	1	1	1	1
rxn01332_c0	1	1	1	1
rxn01333_c0	1	1	1	1
rxn01334_c0	1	1	1	1
rxn01351_c0	1	1	1	1
rxn01353_c0	1	1	1	1
rxn01354_c0	1	1	1	1
rxn01355_c0	1	1	1	1
rxn01358_c0	1	1	1	1
rxn01362_c0	1	1	1	1
rxn01366_c0	1	1	1	1
rxn01387_c0	1	1	1	1
rxn01388_c0	1	1	1	1
rxn01403_c0	1	1	1	1
rxn01416_c0	1	1	1	1
rxn01418_c0	1	1	1	1
rxn01423_c0	1	1	1	1
rxn01424_c0	1	1	1	1
rxn01427_c0	1	1	1	1
rxn01434_c0	1	1	1	1
rxn01445_c0	1	1	1	1
rxn01446_c0	1	1	1	1
rxn01451_c0	1	1	1	1
rxn01452_c0	1	1	1	1
rxn01453_c0	1	1	1	1
rxn01456_c0	1	1	1	1
rxn01459_c0	1	1	1	1
rxn01462_c0	1	1	1	1
rxn01465_c0	1	1	1	1
rxn01466_c0	1	1	1	1
rxn01474_c0	1	1	1	1
rxn01475_c0	1	1	1	1
rxn01477_c0	1	1	1	1
rxn01480_c0	1	1	1	1
rxn01484_c0	1	1	1	1
rxn01485_c0	1	1	1	1
rxn01499_c0	1	0	0	0
rxn01501_c0	1	1	1	1
rxn01503_c0	1	1	1	1
rxn01504_c0	1	1	1	1
rxn01505_c0	1	1	1	1
rxn01507_c0	1	1	1	1
rxn01509_c0	1	1	1	1
rxn01512_c0	1	1	1	1
rxn01513_c0	1	1	1	1
rxn01517_c0	1	1	1	1
rxn01518_c0	1	1	1	1
rxn01519_c0	1	1	1	1
rxn01521_c0	1	1	1	1
rxn01522_c0	1	1	1	1
rxn01524_c0	1	1	1	1
rxn01530_c0	1	1	1	1
rxn01539_c0	1	1	1	1
rxn01544_c0	1	1	1	1
rxn01545_c0	1	1	1	1
rxn01548_c0	1	1	1	1
rxn01564_c0	1	1	1	1
rxn01571_c0	1	1	1	1
rxn01575_c0	1	1	1	1
rxn01578_c0	1	1	1	1
rxn01579_c0	1	1	1	1
rxn01580_c0	1	1	1	1
rxn01590_c0	1	1	1	1
rxn01597_c0	1	0	0	0
rxn01598_c0	1	0	0	0
rxn01601_c0	1	1	1	1
rxn01602_c0	1	1	1	1
rxn01603_c0	1	1	1	1
rxn01613_c0	1	1	1	1
rxn01615_c0	1	1	1	1
rxn01620_c0	1	0	0	0
rxn01626_c0	1	1	1	1
rxn01627_c0	1	1	1	1
rxn01631_c0	1	1	1	1
rxn01636_c0	1	1	1	1
rxn01637_c0	1	1	1	1
rxn01643_c0	1	1	1	1
rxn01644_c0	1	1	1	1
rxn01646_c0	1	1	1	1
rxn01647_c0	1	1	1	1
rxn01648_c0	1	1	1	1
rxn01649_c0	1	1	1	1
rxn01650_c0	1	1	1	1
rxn01652_c0	1	1	1	1
rxn01653_c0	1	1	1	1
rxn01654_c0	1	1	1	1
rxn01666_c0	1	1	1	1
rxn01667_c0	1	1	1	1
rxn01670_c0	1	1	1	1
rxn01673_c0	1	1	1	1
rxn01675_c0	1	1	1	0
rxn01677_c0	1	1	1	1
rxn01678_c0	1	1	1	1
rxn01682_c0	1	1	1	1
rxn01683_c0	1	1	1	1
rxn01684_c0	1	1	1	1
rxn01710_c0	1	1	1	1
rxn01715_c0	1	1	1	1
rxn01725_c0	1	1	1	1
rxn01731_c0	1	1	1	1
rxn01732_c0	1	1	1	1
rxn01733_c0	1	1	1	1
rxn01735_c0	1	1	1	1
rxn01739_c0	1	1	1	1
rxn01740_c0	1	1	1	1
rxn01741_c0	1	1	1	1
rxn01753_c0	1	1	1	1
rxn01757_c0	1	1	1	1
rxn01775_c0	1	1	1	1
rxn01791_c0	1	1	1	1
rxn01799_c0	1	1	1	1
rxn01802_c0	1	1	1	1
rxn01816_c0	1	1	1	1
rxn01825_c0	1	1	1	1
rxn01827_c0	1	1	1	1
rxn01828_c0	1	1	1	1
rxn01833_c0	1	1	1	1
rxn01836_c0	1	1	1	1
rxn01840_c0	1	1	1	1
rxn01841_c0	1	1	1	1
rxn01842_c0	1	1	1	1
rxn01843_c0	1	1	1	1
rxn01851_c0	1	1	1	1
rxn01858_c0	1	1	1	1
rxn01859_c0	1	1	1	1
rxn01860_c0	1	1	1	1
rxn01867_c0	1	1	1	1
rxn01868_c0	1	1	1	1
rxn01870_c0	1	1	1	1
rxn01871_c0	1	1	1	1
rxn01872_c0	1	1	1	1
rxn01873_c0	1	1	1	1
rxn01876_c0	1	1	1	1
rxn01902_c0	1	1	1	1
rxn01903_c0	1	1	1	1
rxn01906_c0	1	1	1	1
rxn01917_c0	1	1	1	1
rxn01918_c0	1	1	1	1
rxn01923_c0	1	1	1	1
rxn01925_c0	1	1	1	1
rxn01930_c0	1	1	1	1
rxn01932_c0	1	1	1	1
rxn01933_c0	1	1	1	1
rxn01937_c0	1	1	1	1
rxn01943_c0	1	1	1	1
rxn01944_c0	1	1	1	1
rxn01947_c0	1	1	1	1
rxn01948_c0	1	0	0	0
rxn01949_c0	1	1	1	1
rxn01953_c0	0	0	1	0
rxn01961_c0	1	1	1	1
rxn01962_c0	1	1	1	1
rxn01964_c0	1	1	1	1
rxn01968_c0	1	1	1	1
rxn01972_c0	1	1	1	1
rxn01973_c0	1	1	1	1
rxn01974_c0	1	1	1	1
rxn01975_c0	1	1	1	1
rxn01977_c0	1	1	1	1
rxn01985_c0	1	1	1	1
rxn01986_c0	1	1	1	1
rxn01990_c0	1	1	1	1
rxn01993_c0	1	1	1	1
rxn01996_c0	1	1	1	1
rxn01997_c0	1	1	1	0
rxn02003_c0	1	1	1	0
rxn02008_c0	1	1	1	1
rxn02009_c0	1	1	1	1
rxn02011_c0	1	1	1	1
rxn02021_c0	1	1	1	1
rxn02028_c0	1	1	1	1
rxn02056_c0	1	1	1	1
rxn02081_c0	1	1	1	1
rxn02082_c0	1	1	1	1
rxn02087_c0	1	1	1	1
rxn02093_c0	1	1	1	1
rxn02106_c0	1	1	1	1
rxn02107_c0	1	1	1	1
rxn02122_c0	1	1	1	1
rxn02128_c0	1	1	1	1
rxn02138_c0	1	1	1	1
rxn02140_c0	0	1	1	0
rxn02141_c0	1	1	1	1
rxn02142_c0	1	1	1	1
rxn02154_c0	1	1	1	1
rxn02155_c0	1	1	1	1
rxn02159_c0	1	1	1	1
rxn02160_c0	1	1	1	1
rxn02166_c0	1	1	1	1
rxn02167_c0	1	1	1	1
rxn02168_c0	1	1	1	1
rxn02173_c0	1	1	1	1
rxn02175_c0	1	1	1	1
rxn02176_c0	1	1	1	1
rxn02181_c0	1	1	1	1
rxn02185_c0	1	1	1	1
rxn02186_c0	1	1	1	1
rxn02190_c0	1	1	1	1
rxn02200_c0	1	1	1	1
rxn02201_c0	1	1	1	1
rxn02209_c0	1	1	1	1
rxn02212_c0	1	1	1	1
rxn02213_c0	1	1	1	1
rxn02222_c0	1	1	1	1
rxn02228_c0	1	1	1	1
rxn02230_c0	1	1	1	1
rxn02235_c0	1	1	1	1
rxn02260_c0	1	1	1	1
rxn02261_c0	1	1	1	1
rxn02267_c0	1	1	1	1
rxn02268_c0	1	1	1	1
rxn02269_c0	1	1	1	1
rxn02271_c0	1	1	1	1
rxn02273_c0	1	1	1	1
rxn02274_c0	1	1	1	1
rxn02275_c0	1	1	1	1
rxn02276_c0	1	1	1	1
rxn02277_c0	1	1	1	1
rxn02281_c0	1	1	1	1
rxn02284_c0	1	1	1	1
rxn02285_c0	1	1	1	1
rxn02286_c0	1	1	1	1
rxn02287_c0	1	1	1	1
rxn02288_c0	1	1	1	1
rxn02297_c0	1	1	1	1
rxn02302_c0	1	1	1	1
rxn02303_c0	1	1	1	1
rxn02304_c0	1	1	1	1
rxn02305_c0	1	1	1	1
rxn02312_c0	1	1	1	1
rxn02320_c0	1	1	1	1
rxn02331_c0	1	1	1	1
rxn02341_c0	1	1	1	1
rxn02342_c0	1	1	1	1
rxn02345_c0	1	1	1	1
rxn02346_c0	1	1	1	1
rxn02350_c0	1	1	1	1
rxn02364_c0	1	1	1	1
rxn02365_c0	1	1	1	1
rxn02369_c0	1	1	0	1
rxn02373_c0	1	1	1	1
rxn02374_c0	1	1	1	1
rxn02376_c0	1	1	1	1
rxn02379_c0	1	1	1	1
rxn02380_c0	1	1	1	1
rxn02400_c0	1	1	1	1
rxn02402_c0	1	0	0	0
rxn02404_c0	1	1	1	1
rxn02405_c0	1	1	1	1
rxn02406_c0	1	1	1	1
rxn02409_c0	1	1	1	1
rxn02424_c0	1	1	1	1
rxn02437_c0	1	1	1	1
rxn02438_c0	1	1	1	1
rxn02439_c0	1	1	1	1
rxn02440_c0	1	1	1	1
rxn02449_c0	1	1	1	1
rxn02465_c0	1	1	1	1
rxn02473_c0	1	1	1	1
rxn02474_c0	1	1	1	1
rxn02475_c0	1	1	1	1
rxn02476_c0	1	1	1	1
rxn02484_c0	1	1	1	1
rxn02496_c0	0	1	1	0
rxn02504_c0	1	1	1	1
rxn02507_c0	1	1	1	1
rxn02508_c0	1	1	1	1
rxn02517_c0	1	1	1	1
rxn02518_c0	1	1	1	1
rxn02532_c0	1	1	1	1
rxn02569_c0	1	1	1	1
rxn02592_c0	1	1	1	1
rxn02596_c0	1	1	1	1
rxn02639_c0	1	1	1	1
rxn02679_c0	1	1	1	1
rxn02680_c0	1	1	1	1
rxn02688_c0	1	1	1	1
rxn02720_c0	1	1	1	1
rxn02728_c0	1	1	1	1
rxn02729_c0	1	1	1	1
rxn02744_c0	1	1	1	1
rxn02749_c0	1	1	1	1
rxn02767_c0	1	1	1	1
rxn02770_c0	1	1	1	1
rxn02774_c0	1	1	1	1
rxn02775_c0	1	1	1	1
rxn02789_c0	1	1	1	1
rxn02803_c0	1	1	1	1
rxn02804_c0	1	1	1	1
rxn02808_c0	1	1	1	1
rxn02809_c0	1	1	1	1
rxn02811_c0	1	1	1	1
rxn02822_c0	1	1	1	1
rxn02826_c0	1	1	1	1
rxn02831_c0	1	1	1	1
rxn02834_c0	1	1	1	1
rxn02835_c0	1	1	1	1
rxn02842_c0	1	1	1	0
rxn02853_c0	1	1	1	1
rxn02866_c0	1	1	1	1
rxn02867_c0	1	1	1	1
rxn02869_c0	1	1	1	1
rxn02888_c0	1	1	1	1
rxn02889_c0	1	1	1	1
rxn02895_c0	1	1	1	1
rxn02897_c0	1	1	1	1
rxn02904_c0	1	1	1	1
rxn02911_c0	1	1	1	1
rxn02925_c0	1	1	1	1
rxn02926_c0	1	1	1	1
rxn02928_c0	1	1	1	1
rxn02929_c0	1	1	1	1
rxn02933_c0	1	1	1	1
rxn02934_c0	1	1	1	1
rxn02936_c0	1	1	1	1
rxn02937_c0	1	1	1	1
rxn02944_c0	1	1	1	0
rxn02949_c0	1	1	1	1
rxn02988_c0	1	0	0	0
rxn02990_c0	1	1	1	1
rxn02993_c0	1	1	1	1
rxn02996_c0	1	1	1	1
rxn03004_c0	1	1	1	1
rxn03031_c0	1	1	1	1
rxn03039_c0	1	1	1	1
rxn03047_c0	1	1	1	1
rxn03052_c0	1	1	1	1
rxn03055_c0	1	1	1	1
rxn03061_c0	1	1	1	1
rxn03062_c0	1	1	1	1
rxn03064_c0	1	1	1	1
rxn03068_c0	1	1	1	1
rxn03071_c0	1	1	1	1
rxn03072_c0	1	1	1	1
rxn03080_c0	1	1	1	1
rxn03084_c0	1	1	1	1
rxn03085_c0	1	0	0	0
rxn03087_c0	1	1	1	1
rxn03106_c0	1	1	1	1
rxn03108_c0	1	1	1	1
rxn03130_c0	1	1	1	1
rxn03135_c0	1	1	1	1
rxn03136_c0	1	1	1	1
rxn03137_c0	1	1	1	1
rxn03140_c0	1	1	1	1
rxn03146_c0	1	1	1	1
rxn03147_c0	1	1	1	1
rxn03159_c0	1	1	1	1
rxn03164_c0	1	1	1	1
rxn03167_c0	1	1	1	1
rxn03174_c0	1	1	1	1
rxn03175_c0	1	1	1	1
rxn03181_c0	1	1	1	1
rxn03182_c0	1	1	1	1
rxn03188_c0	1	1	1	1
rxn03194_c0	1	1	1	1
rxn03195_c0	1	1	1	1
rxn03224_c0	1	1	1	1
rxn03234_c0	1	1	1	1
rxn03239_c0	1	1	1	1
rxn03240_c0	1	1	1	1
rxn03241_c0	1	1	1	1
rxn03242_c0	1	1	1	1
rxn03243_c0	1	1	1	1
rxn03244_c0	1	1	1	1
rxn03245_c0	1	1	1	1
rxn03246_c0	1	1	1	1
rxn03247_c0	1	1	1	1
rxn03248_c0	1	1	1	1
rxn03249_c0	1	1	1	1
rxn03250_c0	1	1	1	1
rxn03251_c0	1	1	1	1
rxn03253_c0	1	1	1	1
rxn03254_c0	1	1	1	1
rxn03263_c0	1	1	1	1
rxn03264_c0	1	1	1	1
rxn03269_c0	1	1	1	0
rxn03273_c0	1	1	1	1
rxn03282_c0	1	1	1	1
rxn03287_c0	1	1	1	1
rxn03288_c0	1	1	1	1
rxn03289_c0	1	1	1	1
rxn03333_c0	1	1	1	1
rxn03335_c0	1	1	1	1
rxn03336_c0	1	1	1	1
rxn03340_c0	1	1	1	1
rxn03341_c0	1	1	1	1
rxn03342_c0	1	1	1	1
rxn03343_c0	1	1	1	1
rxn03344_c0	1	1	1	1
rxn03345_c0	1	1	1	1
rxn03346_c0	1	1	1	1
rxn03354_c0	1	1	1	1
rxn03358_c0	1	1	1	1
rxn03359_c0	1	1	1	1
rxn03360_c0	1	0	0	0
rxn03372_c0	1	1	1	1
rxn03373_c0	1	1	1	1
rxn03374_c0	1	1	1	1
rxn03378_c0	1	1	1	1
rxn03379_c0	1	1	1	1
rxn03382_c0	1	1	1	1
rxn03383_c0	1	1	1	1
rxn03384_c0	1	1	1	1
rxn03391_c0	1	1	1	1
rxn03395_c0	1	1	1	1
rxn03397_c0	1	1	1	1
rxn03400_c0	1	1	1	1
rxn03408_c0	1	1	1	1
rxn03419_c0	1	1	1	1
rxn03421_c0	1	1	1	1
rxn03423_c0	1	1	1	1
rxn03424_c0	1	1	1	1
rxn03433_c0	1	1	1	1
rxn03435_c0	1	1	1	1
rxn03436_c0	1	1	1	1
rxn03437_c0	1	1	1	1
rxn03439_c0	1	1	1	1
rxn03440_c0	1	1	1	1
rxn03446_c0	1	1	1	1
rxn03455_c0	1	1	1	1
rxn03462_c0	1	1	1	1
rxn03491_c0	1	1	1	1
rxn03492_c0	1	1	1	1
rxn03501_c0	1	1	1	1
rxn03504_c0	1	1	1	1
rxn03512_c0	1	1	1	1
rxn03513_c0	1	1	1	1
rxn03514_c0	1	1	1	1
rxn03524_c0	1	1	1	1
rxn03532_c0	1	1	1	1
rxn03534_c0	1	1	1	1
rxn03535_c0	1	1	1	1
rxn03537_c0	1	1	1	1
rxn03540_c0	1	1	1	1
rxn03542_c0	1	1	1	1
rxn03550_c0	1	1	1	1
rxn03551_c0	1	1	1	1
rxn03573_c0	1	1	1	1
rxn03574_c0	1	1	1	1
rxn03575_c0	1	1	1	1
rxn03576_c0	1	1	1	1
rxn03583_c0	1	1	1	1
rxn03584_c0	1	1	1	1
rxn03595_c0	1	0	0	0
rxn03596_c0	0	1	1	1
rxn03598_c0	1	1	1	1
rxn03601_c0	1	1	1	1
rxn03610_c0	1	1	1	1
rxn03617_c0	1	1	1	1
rxn03618_c0	1	1	1	1
rxn03622_c0	1	1	1	1
rxn03636_c0	1	1	1	1
rxn03638_c0	1	1	1	1
rxn03654_c0	1	1	1	1
rxn03658_c0	0	0	0	1
rxn03668_c0	0	1	1	1
rxn03669_c0	0	1	1	1
rxn03670_c0	0	1	1	1
rxn03671_c0	0	1	1	1
rxn03674_c0	1	1	1	1
rxn03702_c0	1	1	1	1
rxn03714_c0	1	1	1	1
rxn03796_c0	1	1	1	1
rxn03838_c0	1	1	1	1
rxn03839_c0	1	1	1	1
rxn03845_c0	1	1	1	1
rxn03846_c0	1	1	1	1
rxn03848_c0	0	1	1	0
rxn03849_c0	0	1	1	0
rxn03860_c0	1	1	1	1
rxn03861_c0	1	1	1	1
rxn03869_c0	1	1	1	1
rxn03874_c0	1	1	1	1
rxn03883_c0	1	1	1	1
rxn03884_c0	1	1	1	1
rxn03885_c0	1	1	1	1
rxn03894_c0	1	1	1	1
rxn03901_c0	1	1	1	1
rxn03903_c0	1	1	1	1
rxn03904_c0	1	1	1	1
rxn03907_c0	1	1	1	1
rxn03908_c0	1	1	1	1
rxn03909_c0	1	1	1	1
rxn03910_c0	1	1	1	1
rxn03923_c0	1	1	1	1
rxn03924_c0	1	1	1	1
rxn03933_c0	1	1	1	1
rxn03934_c0	1	1	1	1
rxn03935_c0	1	1	1	1
rxn03951_c0	1	1	1	1
rxn03955_c0	1	1	1	1
rxn03958_c0	1	1	1	1
rxn03962_c0	1	1	1	1
rxn03969_c0	1	1	1	1
rxn03974_c0	1	1	1	1
rxn03975_c0	1	1	1	1
rxn03981_c0	1	0	1	0
rxn03982_c0	1	0	1	0
rxn03983_c0	1	1	1	1
rxn04021_c0	1	1	1	1
rxn04047_c0	1	1	1	1
rxn04048_c0	1	1	1	1
rxn04050_c0	1	1	1	1
rxn04051_c0	1	1	1	1
rxn04052_c0	1	1	1	1
rxn04070_c0	1	1	1	1
rxn04113_c0	1	1	1	1
rxn04142_c0	1	1	1	1
rxn04234_c0	1	1	1	1
rxn04274_c0	1	1	1	1
rxn04275_c0	1	1	1	1
rxn04285_c0	0	1	0	0
rxn04308_c0	1	1	1	1
rxn04384_c0	1	1	1	1
rxn04437_c0	1	1	1	1
rxn04443_c0	1	1	1	1
rxn04464_c0	1	1	1	1
rxn04472_c0	1	0	0	0
rxn04674_c0	1	1	1	1
rxn04675_c0	1	1	1	1
rxn04676_c0	1	1	1	1
rxn04678_c0	1	1	1	1
rxn04726_c0	1	1	1	1
rxn04736_c0	1	1	1	1
rxn04750_c0	1	1	1	1
rxn04751_c0	1	1	1	1
rxn04776_c0	1	1	1	1
rxn04786_c0	1	1	1	1
rxn04789_c0	1	1	1	1
rxn04791_c0	1	1	1	1
rxn04792_c0	1	1	1	1
rxn04847_c0	1	1	1	1
rxn04865_c0	1	1	1	1
rxn04866_c0	1	1	1	1
rxn04907_c0	1	1	1	1
rxn04908_c0	1	1	1	1
rxn04938_c0	1	1	1	1
rxn04951_c0	1	1	1	1
rxn04954_c0	1	1	1	1
rxn04996_c0	1	1	1	1
rxn05003_c0	1	1	1	1
rxn05004_c0	1	1	1	1
rxn05005_c0	1	1	1	1
rxn05006_c0	1	1	1	1
rxn05028_c0	1	1	1	1
rxn05029_c0	1	1	1	1
rxn05034_c0	1	1	1	1
rxn05036_c0	1	1	1	1
rxn05039_c0	1	1	1	1
rxn05040_c0	1	1	1	1
rxn05048_c0	1	1	1	1
rxn05050_c0	1	1	1	1
rxn05054_c0	1	1	1	1
rxn05086_c0	0	0	0	1
rxn05090_c0	1	1	1	1
rxn05109_c0	1	1	1	1
rxn05114_c0	1	1	1	1
rxn05118_c0	1	1	1	0
rxn05123_c0	1	1	1	1
rxn05128_c0	1	1	1	1
rxn05145_c0	1	1	1	1
rxn05146_c0	1	1	1	1
rxn05147_c0	1	1	1	1
rxn05148_c0	1	1	1	1
rxn05149_c0	1	1	1	1
rxn05150_c0	1	1	1	1
rxn05151_c0	1	1	1	1
rxn05152_c0	1	1	1	1
rxn05153_c0	1	1	1	1
rxn05154_c0	1	1	1	1
rxn05155_c0	1	1	1	1
rxn05156_c0	1	1	1	1
rxn05157_c0	1	1	1	1
rxn05159_c0	1	1	1	1
rxn05160_c0	1	1	1	1
rxn05161_c0	1	1	1	1
rxn05162_c0	1	1	1	1
rxn05163_c0	1	1	1	1
rxn05164_c0	1	1	1	1
rxn05165_c0	1	1	1	1
rxn05166_c0	1	1	1	1
rxn05167_c0	1	1	1	1
rxn05168_c0	1	1	1	1
rxn05169_c0	1	1	1	1
rxn05170_c0	1	1	1	1
rxn05171_c0	1	1	1	1
rxn05173_c0	1	1	1	1
rxn05174_c0	1	1	1	1
rxn05175_c0	1	1	1	1
rxn05176_c0	1	1	1	1
rxn05177_c0	1	1	1	1
rxn05179_c0	1	1	1	1
rxn05181_c0	1	1	1	1
rxn05188_c0	1	1	1	1
rxn05195_c0	1	1	1	1
rxn05198_c0	1	1	1	1
rxn05202_c0	1	1	1	1
rxn05207_c0	1	1	1	1
rxn05210_c0	1	1	1	1
rxn05211_c0	1	1	1	1
rxn05215_c0	1	1	1	1
rxn05216_c0	1	1	1	1
rxn05217_c0	1	1	1	1
rxn05219_c0	1	1	1	1
rxn05221_c0	1	1	1	1
rxn05224_c0	1	1	1	1
rxn05229_c0	1	1	1	1
rxn05231_c0	1	1	1	1
rxn05233_c0	1	1	1	1
rxn05237_c0	1	1	1	1
rxn05247_c0	1	1	1	1
rxn05248_c0	1	1	1	1
rxn05249_c0	1	1	1	1
rxn05250_c0	1	1	1	1
rxn05251_c0	1	1	1	1
rxn05252_c0	1	1	1	1
rxn05256_c0	1	1	1	1
rxn05289_c0	1	1	1	1
rxn05293_c0	1	1	1	1
rxn05297_c0	1	1	1	1
rxn05298_c0	1	1	1	1
rxn05299_c0	1	1	1	1
rxn05301_c0	1	1	1	1
rxn05303_c0	1	1	1	1
rxn05305_c0	1	1	1	1
rxn05312_c0	1	1	1	1
rxn05319_c0	1	1	1	1
rxn05321_c0	1	1	1	1
rxn05322_c0	1	1	1	1
rxn05323_c0	1	1	1	1
rxn05324_c0	1	1	1	1
rxn05325_c0	1	1	1	1
rxn05326_c0	1	1	1	1
rxn05327_c0	1	1	1	1
rxn05328_c0	1	1	1	1
rxn05329_c0	1	1	1	1
rxn05330_c0	1	1	1	1
rxn05332_c0	1	1	1	1
rxn05333_c0	1	1	1	1
rxn05334_c0	1	1	1	1
rxn05335_c0	1	1	1	1
rxn05336_c0	1	1	1	1
rxn05337_c0	1	1	1	1
rxn05338_c0	1	1	1	1
rxn05339_c0	1	1	1	1
rxn05340_c0	1	1	1	1
rxn05341_c0	1	1	1	1
rxn05342_c0	1	1	1	1
rxn05343_c0	1	1	1	1
rxn05344_c0	1	1	1	1
rxn05345_c0	1	1	1	1
rxn05346_c0	1	1	1	1
rxn05347_c0	1	1	1	1
rxn05348_c0	1	1	1	1
rxn05349_c0	1	1	1	1
rxn05350_c0	1	1	1	1
rxn05351_c0	1	1	1	1
rxn05352_c0	1	1	1	1
rxn05353_c0	1	1	1	1
rxn05354_c0	1	1	1	1
rxn05355_c0	1	1	1	1
rxn05356_c0	1	1	1	1
rxn05357_c0	1	1	1	1
rxn05465_c0	1	1	1	1
rxn05466_c0	1	1	1	1
rxn05467_c0	1	1	1	1
rxn05468_c0	1	1	1	1
rxn05469_c0	1	1	1	1
rxn05481_c0	1	1	1	1
rxn05488_c0	1	1	1	1
rxn05496_c0	1	1	1	1
rxn05500_c0	0	1	0	1
rxn05507_c0	1	1	1	1
rxn05508_c0	1	1	1	1
rxn05513_c0	1	1	1	1
rxn05516_c0	1	1	1	1
rxn05526_c0	1	1	1	1
rxn05528_c0	1	1	1	1
rxn05555_c0	1	1	1	1
rxn05560_c0	1	1	1	1
rxn05561_c0	1	1	1	1
rxn05571_c0	1	1	1	1
rxn05579_c0	1	1	1	1
rxn05582_c0	1	1	1	1
rxn05593_c0	1	1	1	1
rxn05595_c0	1	1	1	1
rxn05598_c0	1	1	1	1
rxn05602_c0	1	1	1	1
rxn05605_c0	1	1	1	1
rxn05608_c0	1	1	1	1
rxn05619_c0	1	1	1	1
rxn05622_c0	1	1	1	1
rxn05625_c0	1	1	1	1
rxn05626_c0	1	1	1	1
rxn05628_c0	1	1	1	1
rxn05634_c0	1	1	1	1
rxn05638_c0	1	1	1	1
rxn05641_c0	1	1	1	1
rxn05644_c0	1	1	1	1
rxn05645_c0	1	1	1	1
rxn05646_c0	1	1	1	1
rxn05651_c0	1	1	1	1
rxn05654_c0	1	1	1	1
rxn05667_c0	1	1	1	1
rxn05680_c0	1	1	1	1
rxn05683_c0	1	1	1	1
rxn05691_c0	1	1	1	1
rxn05733_c0	1	1	1	1
rxn05736_c0	1	1	1	1
rxn05739_c0	1	1	1	1
rxn05747_c0	1	1	1	1
rxn05760_c0	1	1	1	1
rxn05763_c0	1	1	1	1
rxn05771_c0	1	1	1	1
rxn05824_c0	1	1	1	1
rxn05831_c0	1	1	1	1
rxn05833_c0	1	1	1	1
rxn05887_c0	1	1	1	1
rxn05902_c0	1	1	1	1
rxn05910_c0	1	1	1	1
rxn05927_c0	1	1	1	1
rxn05937_c0	1	1	1	1
rxn05957_c0	1	1	1	1
rxn05968_c0	1	1	1	1
rxn05979_c0	1	1	1	1
rxn05994_c0	1	1	1	1
rxn05995_c0	1	1	1	1
rxn06023_c0	1	1	1	1
rxn06037_c0	1	1	1	1
rxn06038_c0	1	1	1	1
rxn06045_c0	1	1	1	1
rxn06071_c0	1	1	1	1
rxn06075_c0	1	1	1	1
rxn06076_c0	1	1	1	1
rxn06080_c0	1	1	1	1
rxn06090_c0	1	1	1	1
rxn06108_c0	1	1	1	1
rxn06216_c0	1	1	1	1
rxn06250_c0	1	1	1	1
rxn06268_c0	1	1	1	1
rxn06280_c0	1	1	1	1
rxn06282_c0	1	1	1	1
rxn06300_c0	1	1	1	1
rxn06329_c0	1	1	1	1
rxn06335_c0	1	1	1	1
rxn06347_c0	1	1	1	1
rxn06377_c0	1	1	1	1
rxn06379_c0	1	1	1	1
rxn06404_c0	1	1	1	1
rxn06432_c0	1	1	1	1
rxn06433_c0	1	1	1	1
rxn06434_c0	1	1	1	1
rxn06435_c0	1	1	1	1
rxn06437_c0	1	1	1	1
rxn06438_c0	1	1	1	1
rxn06439_c0	1	1	1	1
rxn06440_c0	1	1	1	1
rxn06441_c0	1	1	1	1
rxn06443_c0	1	1	1	1
rxn06444_c0	1	1	1	1
rxn06445_c0	1	1	1	1
rxn06446_c0	1	1	1	1
rxn06447_c0	1	1	1	1
rxn06448_c0	1	1	1	1
rxn06449_c0	1	1	1	1
rxn06485_c0	1	1	1	1
rxn06493_c0	1	1	1	1
rxn06510_c0	1	1	1	1
rxn06522_c0	1	1	1	1
rxn06556_c0	1	1	1	1
rxn06584_c0	1	1	1	1
rxn06586_c0	1	1	1	1
rxn06600_c0	1	1	1	1
rxn06630_c0	1	1	1	1
rxn06641_c0	1	1	1	1
rxn06672_c0	1	1	1	1
rxn06673_c0	1	1	1	1
rxn06698_c0	1	1	1	1
rxn06701_c0	1	1	1	1
rxn06723_c0	1	1	1	1
rxn06726_c0	1	1	1	1
rxn06729_c0	1	1	1	1
rxn06751_c0	1	1	1	1
rxn06774_c0	0	1	1	1
rxn06777_c0	1	1	1	1
rxn06778_c0	1	1	1	1
rxn06820_c0	1	1	1	1
rxn06864_c0	1	1	1	1
rxn06887_c0	1	1	1	1
rxn06933_c0	1	1	1	1
rxn06936_c0	1	1	1	1
rxn06937_c0	1	1	1	1
rxn06979_c0	1	1	1	1
rxn06990_c0	1	1	1	1
rxn06991_c0	1	1	1	1
rxn07177_c0	1	1	1	1
rxn07243_c0	1	1	1	1
rxn07251_c0	1	1	1	1
rxn07335_c0	1	1	1	1
rxn07456_c0	1	1	1	1
rxn07474_c0	0	0	1	0
rxn07479_c0	1	1	1	1
rxn07482_c0	1	1	1	1
rxn07484_c0	0	1	1	1
rxn07485_c0	0	1	1	1
rxn07579_c0	1	1	1	1
rxn07580_c0	1	1	1	1
rxn07588_c0	1	1	1	1
rxn07621_c0	1	1	1	1
rxn07623_c0	1	1	1	1
rxn07679_c0	1	1	1	1
rxn07680_c0	1	1	1	1
rxn07681_c0	1	1	1	1
rxn07683_c0	1	1	1	1
rxn07684_c0	1	1	1	1
rxn07685_c0	1	1	1	1
rxn07687_c0	1	1	1	1
rxn07688_c0	1	1	1	1
rxn07689_c0	1	1	1	1
rxn07726_c0	1	1	1	1
rxn07727_c0	1	1	1	1
rxn07732_c0	1	1	1	1
rxn07742_c0	1	1	1	1
rxn07743_c0	1	1	1	1
rxn07767_c0	1	1	1	1
rxn07768_c0	1	1	1	1
rxn07769_c0	1	1	1	1
rxn07774_c0	1	1	1	1
rxn07879_c0	1	1	1	1
rxn07880_c0	1	1	1	1
rxn07882_c0	1	1	1	1
rxn07883_c0	1	1	1	1
rxn07884_c0	1	1	1	1
rxn07919_c0	1	1	1	1
rxn07921_c0	1	1	1	1
rxn07976_c0	1	1	1	1
rxn07977_c0	1	1	1	1
rxn07978_c0	1	1	1	1
rxn07979_c0	1	1	1	1
rxn07980_c0	1	1	1	1
rxn07981_c0	1	1	1	1
rxn07987_c0	1	1	1	1
rxn07989_c0	1	1	1	1
rxn07991_c0	1	1	1	1
rxn07992_c0	1	1	1	1
rxn07993_c0	1	1	1	1
rxn07997_c0	1	1	1	1
rxn07998_c0	1	1	1	1
rxn08000_c0	1	1	1	1
rxn08001_c0	1	1	1	1
rxn08002_c0	1	1	1	1
rxn08032_c0	1	1	1	1
rxn08043_c0	1	1	1	1
rxn08062_c0	1	1	1	1
rxn08094_c0	1	1	1	1
rxn08097_c0	1	1	1	1
rxn08111_c0	1	1	1	1
rxn08130_c0	1	1	1	1
rxn08141_c0	0	1	0	1
rxn08154_c0	1	1	1	1
rxn08160_c0	1	1	1	1
rxn08168_c0	1	1	1	1
rxn08173_c0	1	1	1	1
rxn08194_c0	1	1	1	1
rxn08196_c0	1	1	1	1
rxn08213_c0	1	1	1	1
rxn08233_c0	1	1	1	1
rxn08239_c0	1	1	1	1
rxn08240_c0	1	1	1	1
rxn08275_c0	1	1	1	1
rxn08276_c0	1	1	1	1
rxn08280_c0	1	1	1	1
rxn08288_c0	1	1	1	1
rxn08291_c0	1	1	1	1
rxn08323_c0	1	1	1	1
rxn08335_c0	1	1	1	1
rxn08350_c0	1	1	1	1
rxn08352_c0	1	1	1	1
rxn08353_c0	1	1	1	1
rxn08358_c0	1	1	1	1
rxn08359_c0	1	1	1	1
rxn08386_c0	1	1	1	1
rxn08387_c0	1	1	1	1
rxn08390_c0	1	1	1	1
rxn08391_c0	1	1	1	1
rxn08392_c0	1	1	1	1
rxn08393_c0	1	1	1	1
rxn08394_c0	1	1	1	1
rxn08395_c0	1	1	1	1
rxn08398_c0	1	1	1	1
rxn08399_c0	1	1	1	1
rxn08413_c0	1	1	1	1
rxn08428_c0	1	1	1	1
rxn08433_c0	1	1	1	1
rxn08434_c0	1	1	1	1
rxn08438_c0	1	1	1	1
rxn08448_c0	1	1	1	1
rxn08449_c0	1	1	1	1
rxn08450_c0	1	1	1	1
rxn08451_c0	1	1	1	1
rxn08452_c0	1	1	1	1
rxn08453_c0	1	1	1	1
rxn08454_c0	1	1	1	1
rxn08455_c0	1	1	1	1
rxn08456_c0	1	1	1	1
rxn08457_c0	1	1	1	1
rxn08461_c0	1	1	1	1
rxn08473_c0	1	1	1	1
rxn08474_c0	1	1	1	1
rxn08498_c0	1	1	1	1
rxn08527_c0	1	1	1	1
rxn08528_c0	1	1	1	1
rxn08535_c0	1	1	1	1
rxn08556_c0	1	1	1	1
rxn08557_c0	1	1	1	1
rxn08558_c0	1	1	1	1
rxn08578_c0	1	1	1	1
rxn08598_c0	1	1	1	1
rxn08635_c0	1	1	1	1
rxn08647_c0	1	1	1	1
rxn08655_c0	1	1	1	1
rxn08661_c0	1	1	1	1
rxn08685_c0	1	1	1	1
rxn08689_c0	1	1	1	1
rxn08691_c0	1	1	1	1
rxn08700_c0	1	1	1	1
rxn08706_c0	1	1	1	1
rxn08715_c0	1	1	1	1
rxn08733_c0	1	1	1	1
rxn08751_c0	1	1	1	1
rxn08752_c0	1	1	1	1
rxn08756_c0	1	1	1	1
rxn08764_c0	1	1	1	1
rxn08766_c0	1	1	1	1
rxn08767_c0	1	1	1	1
rxn08854_c0	1	1	1	1
rxn08857_c0	1	1	1	1
rxn08877_c0	1	1	1	1
rxn08890_c0	1	1	1	1
rxn08891_c0	1	1	1	1
rxn08892_c0	1	1	1	1
rxn08893_c0	1	1	1	1
rxn08894_c0	1	1	1	1
rxn08900_c0	1	1	1	1
rxn08901_c0	1	1	1	1
rxn08921_c0	0	1	0	0
rxn08924_c0	0	1	0	0
rxn08956_c0	1	1	1	1
rxn08966_c0	1	1	1	1
rxn08971_c0	1	1	1	1
rxn08972_c0	1	1	1	1
rxn08973_c0	1	1	1	1
rxn08974_c0	1	1	1	1
rxn08975_c0	1	1	1	1
rxn08976_c0	1	1	1	1
rxn08977_c0	1	1	1	1
rxn08979_c0	1	1	1	1
rxn08981_c0	1	1	1	1
rxn08989_c0	1	1	1	1
rxn08990_c0	1	1	1	1
rxn09008_c0	1	1	1	1
rxn09010_c0	1	1	1	1
rxn09011_c0	1	1	1	1
rxn09012_c0	1	1	1	1
rxn09037_c0	1	1	1	1
rxn09038_c0	1	1	1	1
rxn09039_c0	1	1	1	1
rxn09071_c0	1	1	1	1
rxn09101_c0	1	1	1	1
rxn09102_c0	1	1	1	1
rxn09103_c0	1	1	1	1
rxn09104_c0	1	1	1	1
rxn09105_c0	1	1	1	1
rxn09106_c0	1	1	1	1
rxn09107_c0	1	1	1	1
rxn09108_c0	1	1	1	1
rxn09109_c0	1	1	1	1
rxn09110_c0	1	1	1	1
rxn09111_c0	1	1	1	1
rxn09112_c0	1	1	1	1
rxn09113_c0	1	1	1	1
rxn09114_c0	1	1	1	1
rxn09115_c0	1	1	1	1
rxn09167_c0	1	1	1	1
rxn09169_c0	1	1	1	1
rxn09174_c0	1	1	1	1
rxn09176_c0	1	1	1	1
rxn09177_c0	1	1	1	1
rxn09179_c0	1	1	1	1
rxn09180_c0	1	1	1	1
rxn09197_c0	1	1	1	1
rxn09198_c0	1	1	1	1
rxn09199_c0	1	1	1	1
rxn09200_c0	1	1	1	1
rxn09201_c0	1	1	1	1
rxn09202_c0	1	1	1	1
rxn09203_c0	1	1	1	1
rxn09244_c0	1	1	1	1
rxn09270_c0	1	1	1	1
rxn09272_c0	1	1	1	1
rxn09288_c0	1	1	1	1
rxn09295_c0	1	1	1	1
rxn09317_c0	1	1	1	1
rxn09388_c0	1	1	1	1
rxn09389_c0	1	1	1	1
rxn09402_c0	1	1	1	0
rxn09417_c0	1	1	1	1
rxn09444_c0	1	1	1	1
rxn09447_c0	1	1	1	1
rxn09449_c0	1	1	1	1
rxn09452_c0	1	1	1	1
rxn09453_c0	1	1	1	1
rxn09456_c0	1	1	1	1
rxn09475_c0	1	1	1	1
rxn09476_c0	1	1	1	1
rxn09477_c0	1	1	1	1
rxn09478_c0	1	1	1	1
rxn09479_c0	1	1	1	1
rxn09516_c0	1	1	1	1
rxn09523_c0	1	1	1	1
rxn09657_c0	1	1	1	1
rxn09673_c0	1	1	1	1
rxn09678_c0	1	1	1	1
rxn09690_c0	1	1	1	1
rxn09731_c0	1	1	1	1
rxn09882_c0	1	1	1	1
rxn09889_c0	1	1	1	1
rxn09948_c0	1	1	1	1
rxn09953_c0	1	1	1	1
rxn09956_c0	1	1	1	1
rxn09958_c0	1	1	1	1
rxn09960_c0	1	1	1	1
rxn09972_c0	1	1	1	1
rxn09973_c0	1	1	1	1
rxn09974_c0	1	1	1	1
rxn09975_c0	1	1	1	1
rxn09977_c0	1	1	1	1
rxn10019_c0	1	1	1	1
rxn10020_c0	1	1	1	1
rxn10021_c0	1	1	1	1
rxn10043_c0	1	1	1	1
rxn10053_c0	1	1	1	1
rxn10056_c0	1	1	1	1
rxn10057_c0	1	1	1	1
rxn10058_c0	1	1	1	1
rxn10059_c0	1	1	1	1
rxn10060_c0	1	1	1	1
rxn10091_c0	1	1	1	1
rxn10107_c0	1	1	1	1
rxn10110_c0	1	1	1	1
rxn10123_c0	1	1	1	1
rxn10124_c0	1	1	1	1
rxn10138_c0	1	1	1	1
rxn10194_c0	1	1	1	1
rxn10195_c0	1	1	1	1
rxn10196_c0	1	1	1	1
rxn10232_c0	1	1	1	1
rxn10233_c0	1	1	1	1
rxn10234_c0	1	1	1	1
rxn10235_c0	1	1	1	1
rxn10236_c0	1	1	1	1
rxn10237_c0	1	1	1	1
rxn10259_c0	1	1	1	1
rxn10260_c0	1	1	1	1
rxn10261_c0	1	1	1	1
rxn10262_c0	1	1	1	1
rxn10263_c0	1	1	1	1
rxn10264_c0	1	1	1	1
rxn10265_c0	1	1	1	1
rxn10266_c0	1	1	1	1
rxn10267_c0	1	1	1	1
rxn10268_c0	1	1	1	1
rxn10269_c0	1	1	1	1
rxn10270_c0	1	1	1	1
rxn10344_c0	1	1	1	1
rxn10404_c0	1	1	1	1
rxn10405_c0	1	1	1	1
rxn10406_c0	1	1	1	1
rxn10407_c0	1	1	1	1
rxn10409_c0	1	1	1	1
rxn10432_c0	1	1	1	1
rxn10440_c0	1	1	1	1
rxn10447_c0	1	1	1	1
rxn10453_c0	1	1	1	1
rxn10470_c0	1	1	1	1
rxn10471_c0	1	1	1	1
rxn10480_c0	1	1	1	1
rxn10481_c0	1	1	1	1
rxn10506_c0	1	1	1	1
rxn10553_c0	1	1	1	1
rxn10559_c0	0	1	0	1
rxn10570_c0	1	1	1	1
rxn10577_c0	1	1	1	1
rxn10582_c0	1	1	1	1
rxn10583_c0	1	1	1	1
rxn10584_c0	1	1	1	1
rxn10619_c0	1	1	1	1
rxn10785_c0	1	1	1	1
rxn10818_c0	1	1	1	1
rxn10820_c0	1	1	1	1
rxn10822_c0	1	1	1	1
rxn10832_c0	1	1	1	1
rxn10833_c0	1	1	1	1
rxn10839_c0	1	1	1	1
rxn10857_c0	1	1	1	1
rxn10862_c0	1	1	1	1
rxn10883_c0	1	1	1	1
rxn10901_c0	1	1	1	1
rxn10985_c0	1	1	1	1
rxn10995_c0	1	1	1	1
rxn11040_c0	1	1	1	1
rxn11132_c0	1	1	1	1
rxn11140_c0	1	1	1	1
rxn11152_c0	1	1	1	1
rxn11158_c0	1	1	1	1
rxn11245_c0	1	1	1	1
rxn11334_c0	1	1	1	1
rxn11381_c0	1	1	1	1
rxn11567_c0	1	1	1	1
rxn11569_c0	1	1	1	1
rxn11587_c0	1	1	1	1
rxn11609_c0	1	1	1	1
rxn11612_c0	1	1	1	1
rxn11663_c0	1	1	1	1
rxn11680_c0	0	0	0	1
rxn11731_c0	1	1	1	1
rxn11732_c0	1	1	1	1
rxn11735_c0	1	1	1	1
rxn11743_c0	1	1	1	1
rxn11744_c0	1	1	1	1
rxn11750_c0	1	1	1	1
rxn11754_c0	1	1	1	1
rxn11755_c0	1	1	1	1
rxn11756_c0	1	1	1	1
rxn11757_c0	1	1	1	1
rxn11758_c0	1	1	1	1
rxn11759_c0	1	1	1	1
rxn11761_c0	1	1	1	1
rxn11763_c0	1	1	1	1
rxn11765_c0	1	1	1	1
rxn11766_c0	1	1	1	1
rxn11768_c0	1	1	1	1
rxn11771_c0	1	1	1	1
rxn11772_c0	1	1	1	1
rxn11773_c0	1	1	1	1
rxn11809_c0	1	1	1	1
rxn11810_c0	1	1	1	1
rxn11811_c0	1	1	1	1
rxn11834_c0	1	1	1	1
rxn11835_c0	1	1	1	1
rxn11838_c0	1	1	1	1
rxn11875_c0	1	1	1	1
rxn11877_c0	1	1	1	1
rxn11931_c0	1	1	1	1
rxn11933_c0	1	1	1	1
rxn11935_c0	1	1	1	1
rxn11946_c0	1	1	1	1
rxn11962_c0	1	1	1	1
rxn12003_c0	1	1	1	1
rxn12038_c0	1	1	1	1
rxn12039_c0	1	1	1	1
rxn12193_c0	1	1	1	1
rxn12204_c0	1	1	1	1
rxn12220_c0	1	1	1	1
rxn12282_c0	1	1	1	1
rxn12365_c0	1	1	1	1
rxn12366_c0	1	1	1	1
rxn12371_c0	1	1	1	1
rxn12375_c0	1	1	1	1
rxn12380_c0	1	1	1	1
rxn12416_c0	1	1	1	1
rxn12423_c0	1	1	1	1
rxn12433_c0	1	1	1	1
rxn12435_c0	1	1	1	1
rxn12440_c0	1	1	1	1
rxn12446_c0	1	1	1	1
rxn12451_c0	1	1	1	1
rxn12459_c0	1	1	1	1
rxn12494_c0	1	1	1	1
rxn12504_c0	1	1	1	1
rxn12510_c0	1	1	1	1
rxn12512_c0	1	1	1	1
rxn12549_c0	1	1	1	1
rxn12554_c0	1	1	1	1
rxn12562_c0	1	1	1	1
rxn12574_c0	0	1	0	1
rxn12649_c0	1	1	1	1
rxn12681_c0	1	1	1	1
rxn12739_c0	1	1	1	1
rxn12767_c0	1	1	1	1
rxn12768_c0	1	1	1	1
rxn12769_c0	1	1	1	1
rxn12770_c0	1	1	1	1
rxn12771_c0	1	1	1	1
rxn12778_c0	1	1	1	1
rxn12811_c0	1	1	1	1
rxn12897_c0	1	1	1	1
rxn13182_c0	1	1	1	1
rxn13186_c0	1	1	1	1
rxn13229_c0	1	1	1	1
rxn13301_c0	1	1	1	1
rxn13314_c0	1	1	1	1
rxn13360_c0	1	1	1	1
rxn13411_c0	1	1	1	1
rxn13419_c0	1	1	1	1
rxn13450_c0	1	1	1	1
rxn13667_c0	1	1	1	1
rxn13668_c0	1	1	1	1
rxn13669_c0	1	1	1	1
rxn13671_c0	1	1	1	1
rxn13673_c0	1	1	1	1
rxn13686_c0	1	1	1	1
rxn13688_c0	1	1	1	1
rxn13690_c0	1	1	1	1
rxn13691_c0	1	1	1	1
rxn13706_c0	1	1	1	1
rxn13707_c0	1	1	1	1
rxn13709_c0	1	1	1	1
rxn13727_c0	1	1	1	1
rxn13729_c0	1	1	1	1
rxn13741_c0	1	1	1	1
rxn13753_c0	1	1	1	1
rxn13759_c0	1	1	1	1
rxn13766_c0	1	1	1	1
rxn13773_c0	1	1	1	1
rxn13788_c0	1	1	1	1
rxn13794_c0	1	1	1	1
rxn13849_c0	1	1	1	1
rxn13853_c0	1	1	1	1
rxn14017_c0	1	1	1	1
rxn14022_c0	1	1	1	1
rxn14029_c0	1	1	1	1
rxn14042_c0	1	1	1	1
rxn14044_c0	1	1	1	1
rxn14054_c0	1	1	1	1
rxn14060_c0	1	1	1	1
rxn14089_c0	1	1	1	1
rxn14120_c0	1	1	1	1
rxn14138_c0	1	1	1	1
rxn14157_c0	1	1	1	1
rxn14167_c0	1	1	1	1
rxn14229_c0	1	1	1	1
rxn14245_c0	1	1	1	1
rxn14260_c0	1	1	1	1
rxn14274_c0	0	1	1	1
rxn14299_c0	1	1	1	1
rxn14311_c0	0	1	1	1
rxn14359_c0	1	1	1	1
rxn14382_c0	1	1	1	1
rxn14394_c0	1	1	1	1
rxn15018_c0	1	1	1	1
rxn15021_c0	1	1	1	1
rxn15022_c0	1	1	1	1
rxn15023_c0	1	1	1	1
rxn15035_c0	1	1	1	1
rxn15044_c0	1	1	1	1
rxn15062_c0	1	1	1	0
rxn15064_c0	1	1	1	1
rxn15072_c0	1	1	1	1
rxn15081_c0	1	1	1	1
rxn15087_c0	1	1	1	1
rxn15094_c0	1	1	1	1
rxn15108_c0	1	1	1	1
rxn15113_c0	1	1	1	1
rxn15114_c0	1	1	1	1
rxn15115_c0	1	1	1	1
rxn15116_c0	1	1	1	1
rxn15118_c0	1	1	1	1
rxn15136_c0	1	1	1	1
rxn15138_c0	1	1	1	1
rxn15139_c0	1	1	1	1
rxn15140_c0	1	1	1	1
rxn15141_c0	1	1	1	1
rxn15142_c0	1	1	1	1
rxn15143_c0	1	1	1	1
rxn15152_c0	1	1	1	1
rxn15153_c0	1	1	1	1
rxn15162_c0	1	1	1	1
rxn15165_c0	1	1	1	1
rxn15166_c0	1	1	1	1
rxn15171_c0	1	1	1	1
rxn15172_c0	1	1	1	1
rxn15179_c0	1	1	1	1
rxn15191_c0	1	1	1	1
rxn15192_c0	1	1	1	1
rxn15228_c0	1	1	1	1
rxn15229_c0	1	1	1	1
rxn15230_c0	1	1	1	1
rxn15248_c0	1	1	1	1
rxn15254_c0	1	1	1	1
rxn15255_c0	1	1	1	1
rxn15270_c0	1	1	1	1
rxn15271_c0	1	1	1	1
rxn15278_c0	1	1	1	1
rxn15279_c0	1	1	1	1
rxn15280_c0	1	1	1	1
rxn15281_c0	1	1	1	1
rxn15291_c0	1	1	1	1
rxn15296_c0	1	1	1	1
rxn15307_c0	1	1	1	1
rxn15317_c0	1	1	1	1
rxn15319_c0	1	1	1	1
rxn15342_c0	1	1	1	1
rxn15343_c0	1	1	1	1
rxn15364_c0	1	1	1	1
rxn15373_c0	1	1	1	1
rxn15379_c0	1	1	1	1
rxn15380_c0	1	1	1	1
rxn15395_c0	1	1	1	1
rxn15401_c0	1	1	1	1
rxn15402_c0	1	1	1	1
rxn15417_c0	1	1	1	1
rxn15418_c0	1	1	1	1
rxn15435_c0	1	1	1	1
rxn15444_c0	1	1	1	1
rxn15445_c0	1	1	1	1
rxn15466_c0	1	1	1	1
rxn15467_c0	1	1	1	1
rxn15468_c0	1	1	1	1
rxn15469_c0	1	1	1	1
rxn15483_c0	1	1	1	1
rxn15484_c0	1	1	1	1
rxn15489_c0	1	1	1	1
rxn15490_c0	1	1	1	1
rxn15491_c0	1	1	1	1
rxn15494_c0	1	1	1	1
rxn15495_c0	1	1	1	1
rxn15500_c0	1	1	1	1
rxn15507_c0	1	1	1	1
rxn15510_c0	1	1	1	1
rxn15511_c0	1	1	1	1
rxn15513_c0	1	1	1	1
rxn15514_c0	1	1	1	1
rxn15539_c0	1	1	1	1
rxn15541_c0	1	1	1	1
rxn15582_c0	1	1	1	1
rxn15588_c0	1	1	1	1
rxn15630_c0	1	1	1	1
rxn15640_c0	1	1	1	1
rxn15694_c0	1	1	1	1
rxn15726_c0	1	1	1	1
rxn15783_c0	1	1	1	1
rxn15785_c0	1	1	1	1
rxn15821_c0	1	1	1	1
rxn15822_c0	1	1	1	1
rxn15823_c0	1	1	1	1
rxn15824_c0	1	1	1	1
rxn15942_c0	1	1	1	1
rxn15964_c0	1	1	1	1
rxn15972_c0	1	1	1	1
rxn15991_c0	1	1	1	1
rxn16086_c0	1	1	1	1
rxn16106_c0	1	1	1	1
rxn16110_c0	1	1	1	1
rxn16150_c0	1	1	1	1
rxn16206_c0	1	1	1	1
rxn16213_c0	1	1	1	1
rxn16284_c0	1	1	1	1
rxn16285_c0	1	1	1	1
rxn16323_c0	0	0	0	1
rxn19124_c0	1	1	1	1
rxn19220_c0	1	1	1	1
rxn19850_c0	1	1	1	1
rxn20527_c0	1	1	1	1
rxn21253_c0	1	1	1	1
rxn21254_c0	1	1	1	1
rxn22013_c0	1	1	1	1
rxn23042_c0	1	1	1	1
rxn25123_c0	1	1	1	1
rxn25456_c0	1	1	1	1
rxn25837_c0	1	1	1	1
rxn25838_c0	1	1	1	1
rxn25839_c0	1	1	1	1
rxn26477_c0	1	1	1	1
rxn27289_c0	1	1	1	1
rxn27378_c0	1	1	1	1
rxn27984_c0	1	1	1	1
rxn31154_c0	1	1	1	1
rxn31278_c0	1	1	1	1
rxn31279_c0	1	1	1	1
rxn32623_c0	1	1	1	1
rxn32808_c0	1	1	1	1
rxn33047_c0	1	1	1	1
rxn33160_c0	1	1	1	1
rxn33320_c0	1	1	1	1
rxn33576_c0	1	1	1	1
rxn33589_c0	1	1	1	1
rxn33674_c0	1	1	1	1
rxn33834_c0	1	1	1	1
rxn33862_c0	1	1	1	1
rxn33927_c0	1	1	1	1
rxn34724_c0	1	1	1	1
rxn35560_c0	1	1	1	1
rxn36796_c0	1	1	1	1
rxn36797_c0	1	1	1	1
rxn36810_c0	1	1	1	1
rxn36936_c0	1	1	1	1
rxn36937_c0	1	1	1	1
rxn36938_c0	1	1	1	1
rxn38189_c0	1	1	1	1
rxn38279_c0	1	1	1	1
rxn38971_c0	1	1	1	1
rxn39175_c0	1	1	1	1
rxn39250_c0	1	1	1	1
rxn40746_c0	1	1	1	1
rxn41554_c0	1	1	1	1
rxn41945_c0	1	1	1	1
rxn43262_c0	1	1	1	1
rxn45361_c0	1	1	1	1
rxn46031_c0	1	1	1	1
rxn46036_c0	1	1	1	1
rxn90001_c0	1	1	1	1
rxn90005_c0	1	1	1	1
rxn90009_c0	1	1	1	1
rxn90022_c0	1	1	1	1
rxn90023_c0	1	1	1	1
rxn90029_c0	1	1	1	1
rxn90055_c0	1	1	1	1
rxn90070_c0	1	1	1	1
rxn90072_c0	1	1	1	1
rxn90079_c0	1	1	1	1
rxn90080_c0	1	1	1	1
rxn90081_c0	1	1	1	1
rxn90096_c0	1	1	1	1
rxn90105_c0	1	1	1	1
rxn90115_c0	1	1	1	1
