rxn	MGYG000000099	MGYG000005380	MGYG000006816	MGYG000028321	MGYG000044926	MGYG000055012	MGYG000057648	MGYG000151681	MGYG000172598	MGYG000173425	MGYG000187342	MGYG000217838	MGYG000266151
DM_cpd01042_c0	1	1	1	1	1	1	1	1	1	1	1	1	1
EX_cpd00001_e0	1	1	1	1	1	1	1	1	1	1	1	1	1
EX_cpd00003_e0	0	0	0	0	0	0	1	0	0	0	0	0	0
EX_cpd00007_e0	1	1	1	1	1	1	1	1	1	1	1	1	1
EX_cpd00009_e0	1	1	1	1	1	1	1	1	1	1	1	1	1
EX_cpd00010_e0	1	0	0	1	1	0	1	1	1	1	0	0	0
EX_cpd00011_e0	1	1	1	1	1	1	1	1	1	1	1	1	1
EX_cpd00012_e0	1	1	1	1	1	1	1	1	1	1	1	1	0
EX_cpd00013_e0	1	1	1	1	1	1	1	1	1	1	1	1	1
EX_cpd00020_e0	1	1	1	1	1	1	1	1	1	1	1	1	1
EX_cpd00023_e0	1	1	1	1	1	1	1	1	1	1	1	1	1
EX_cpd00024_e0	0	0	1	0	0	1	0	0	0	0	0	0	0
EX_cpd00025_e0	1	1	1	1	1	1	1	1	1	1	1	1	1
EX_cpd00027_e0	1	1	1	1	1	1	1	1	1	1	1	1	1
EX_cpd00028_e0	1	1	1	1	1	1	1	1	1	1	1	1	1
EX_cpd00029_e0	1	1	1	1	1	1	1	1	1	1	1	1	1
EX_cpd00030_e0	1	1	1	1	1	1	1	1	1	1	1	1	1
EX_cpd00033_e0	1	1	1	1	1	1	1	1	1	1	1	1	1
EX_cpd00034_e0	1	1	1	1	1	1	1	1	1	1	1	1	1
EX_cpd00035_e0	1	1	1	1	1	1	1	1	1	1	1	1	1
EX_cpd00036_e0	1	1	1	1	1	1	1	1	1	1	1	1	1
EX_cpd00038_e0	1	1	1	1	1	1	0	1	1	1	1	1	1
EX_cpd00039_e0	1	1	1	1	1	1	1	1	1	1	1	1	1
EX_cpd00041_e0	1	1	1	1	1	1	1	1	1	1	1	1	1
EX_cpd00047_e0	1	1	1	1	1	1	1	1	1	1	1	0	0
EX_cpd00048_e0	1	1	1	1	1	1	1	1	1	1	1	1	1
EX_cpd00051_e0	1	1	1	1	1	1	1	1	1	1	1	1	1
EX_cpd00053_e0	1	1	1	1	1	1	1	1	1	1	1	1	1
EX_cpd00054_e0	1	1	1	1	1	1	1	1	1	1	1	1	1
EX_cpd00055_e0	1	1	1	1	1	1	1	1	1	1	1	1	1
EX_cpd00058_e0	1	1	1	1	1	1	1	1	1	1	1	1	1
EX_cpd00060_e0	1	1	1	1	1	1	1	1	1	1	1	1	1
EX_cpd00063_e0	1	1	1	1	1	1	1	1	1	1	1	1	1
EX_cpd00064_e0	1	1	1	1	1	1	1	1	1	1	1	1	1
EX_cpd00065_e0	1	1	1	1	1	1	1	1	1	1	1	1	1
EX_cpd00066_e0	1	0	1	1	1	1	0	1	1	1	1	1	1
EX_cpd00067_e0	1	1	1	1	1	1	1	1	1	1	1	1	1
EX_cpd00069_e0	1	1	1	1	1	1	1	1	1	1	1	1	1
EX_cpd00071_e0	1	1	1	1	1	1	1	1	1	1	1	1	1
EX_cpd00073_e0	1	1	1	1	1	1	1	1	1	1	1	1	1
EX_cpd00076_e0	0	0	0	0	0	0	1	0	0	0	0	0	0
EX_cpd00082_e0	0	1	0	0	0	0	1	0	0	0	0	0	0
EX_cpd00084_e0	1	1	1	1	1	1	1	1	1	1	1	1	1
EX_cpd00092_e0	1	1	1	1	1	1	1	1	1	1	1	1	1
EX_cpd00098_e0	1	1	1	1	1	1	1	1	1	1	1	1	1
EX_cpd00099_e0	1	1	1	1	1	1	1	1	1	1	1	1	1
EX_cpd00104_e0	1	1	1	1	1	1	1	1	1	1	1	1	1
EX_cpd00105_e0	1	1	1	1	1	1	1	1	1	1	1	1	1
EX_cpd00106_e0	1	1	1	1	1	1	1	1	1	1	1	1	1
EX_cpd00107_e0	1	1	1	1	1	1	1	1	1	1	1	1	1
EX_cpd00108_e0	1	1	1	1	1	1	1	1	1	1	1	1	1
EX_cpd00109_e0	1	1	1	1	1	1	1	1	1	1	1	1	1
EX_cpd00110_e0	1	1	1	1	1	1	1	1	1	1	1	1	1
EX_cpd00116_e0	1	1	1	1	1	1	1	1	1	1	1	1	1
EX_cpd00118_e0	1	1	1	1	1	1	1	1	1	1	1	1	1
EX_cpd00119_e0	1	1	1	1	1	1	1	1	1	1	1	1	1
EX_cpd00121_e0	1	1	1	1	1	1	1	1	1	1	1	1	1
EX_cpd00122_e0	0	1	0	0	0	0	0	0	0	0	0	0	0
EX_cpd00129_e0	1	1	1	1	1	1	1	1	1	1	1	1	1
EX_cpd00130_e0	1	1	1	1	1	1	1	1	1	1	1	1	1
EX_cpd00132_e0	1	1	1	1	1	1	1	1	1	1	1	1	1
EX_cpd00137_e0	1	1	1	1	1	1	1	1	1	1	1	1	1
EX_cpd00138_e0	1	1	1	1	1	1	1	1	1	1	1	1	1
EX_cpd00141_e0	1	1	1	1	1	1	1	1	1	1	1	1	1
EX_cpd00149_e0	1	1	1	1	1	1	1	1	1	1	1	1	1
EX_cpd00150_e0	1	1	1	1	1	1	1	1	1	1	1	1	1
EX_cpd00152_e0	1	1	1	0	1	0	1	1	1	0	1	0	1
EX_cpd00153_e0	1	1	1	1	1	1	1	1	1	1	1	1	1
EX_cpd00154_e0	1	1	1	1	1	1	1	1	1	1	1	1	1
EX_cpd00156_e0	1	1	1	1	1	1	1	1	1	1	1	1	1
EX_cpd00158_e0	0	1	0	0	0	0	0	0	0	0	0	0	0
EX_cpd00159_e0	0	1	0	0	0	0	0	0	0	0	0	0	0
EX_cpd00161_e0	1	1	1	1	1	1	1	1	1	1	1	1	1
EX_cpd00176_e0	0	0	0	0	0	0	1	0	0	0	0	0	0
EX_cpd00178_e0	1	1	1	1	1	1	1	1	1	1	1	1	1
EX_cpd00179_e0	1	1	1	1	1	1	1	1	1	1	1	1	1
EX_cpd00182_e0	1	1	1	1	1	1	0	1	1	1	1	1	1
EX_cpd00185_e0	1	1	1	1	1	1	1	1	1	1	1	1	1
EX_cpd00204_e0	1	1	1	1	1	1	1	1	1	1	1	1	1
EX_cpd00205_e0	1	1	1	1	1	1	1	1	1	1	1	1	1
EX_cpd00208_e0	1	1	1	1	1	1	1	1	1	1	1	1	1
EX_cpd00209_e0	1	1	1	1	1	1	1	1	1	1	1	1	1
EX_cpd00210_e0	1	1	1	1	1	1	1	1	1	1	1	1	1
EX_cpd00211_e0	1	1	1	1	1	1	1	1	1	1	1	1	1
EX_cpd00216_e0	0	0	0	0	0	1	1	0	0	1	0	0	1
EX_cpd00220_e0	1	1	1	1	1	1	1	1	1	1	1	1	1
EX_cpd00221_e0	0	1	0	0	0	0	0	0	0	0	0	0	0
EX_cpd00222_e0	1	1	1	1	1	1	1	1	1	1	1	1	1
EX_cpd00224_e0	1	1	1	1	1	1	1	1	1	1	1	1	1
EX_cpd00229_e0	0	0	0	0	0	0	0	0	0	1	0	0	0
EX_cpd00239_e0	1	1	1	1	1	1	1	1	1	1	1	1	1
EX_cpd00244_e0	1	1	1	1	1	1	1	1	1	1	1	1	1
EX_cpd00246_e0	1	1	1	1	1	1	0	1	1	1	1	1	1
EX_cpd00249_e0	1	0	1	1	1	1	1	1	1	0	1	1	1
EX_cpd00254_e0	1	1	1	1	1	1	1	1	1	1	1	1	1
EX_cpd00264_e0	1	1	1	1	1	1	1	1	1	1	1	1	1
EX_cpd00268_e0	1	1	1	1	1	1	1	1	1	1	1	1	1
EX_cpd00276_e0	0	1	0	0	0	0	1	0	0	0	0	0	0
EX_cpd00277_e0	1	1	1	1	1	1	1	1	1	1	1	1	1
EX_cpd00281_e0	1	1	1	1	1	1	1	1	1	1	1	1	1
EX_cpd00305_e0	1	1	1	1	1	1	1	1	1	1	1	1	1
EX_cpd00307_e0	1	1	1	1	1	1	1	1	1	0	1	1	1
EX_cpd00309_e0	1	1	1	1	1	1	1	1	1	0	1	1	1
EX_cpd00311_e0	1	1	1	1	1	1	1	1	1	1	1	1	1
EX_cpd00314_e0	1	1	1	1	1	1	1	1	1	1	1	1	1
EX_cpd00322_e0	1	1	1	1	1	1	1	1	1	1	1	1	1
EX_cpd00324_e0	1	1	1	1	1	1	1	1	1	1	1	1	1
EX_cpd00359_e0	1	1	1	1	1	1	1	1	1	1	1	1	1
EX_cpd00363_e0	1	1	1	1	1	1	1	1	1	1	1	1	1
EX_cpd00366_e0	0	1	0	0	0	0	0	0	0	0	0	0	0
EX_cpd00367_e0	1	1	1	1	1	1	1	1	1	1	1	1	1
EX_cpd00371_e0	1	1	1	1	1	1	1	1	1	1	1	1	1
EX_cpd00380_e0	1	1	1	1	1	1	1	1	1	1	1	1	1
EX_cpd00393_e0	1	1	1	1	1	1	1	1	1	1	1	1	1
EX_cpd00396_e0	1	1	1	1	1	1	1	1	1	1	1	1	1
EX_cpd00418_e0	1	1	1	1	1	1	1	1	1	1	1	1	1
EX_cpd00448_e0	1	1	1	1	1	1	1	1	1	1	1	1	1
EX_cpd00450_e0	1	1	1	1	1	1	1	1	1	1	1	1	1
EX_cpd00453_e0	1	1	1	1	1	1	1	1	1	1	1	1	1
EX_cpd00526_e0	1	1	1	1	1	1	1	1	1	1	1	1	0
EX_cpd00528_e0	1	1	1	1	1	1	1	1	1	1	1	1	1
EX_cpd00531_e0	1	1	1	1	1	1	1	1	1	1	1	1	1
EX_cpd00540_e0	1	1	1	1	1	1	1	1	1	1	1	1	1
EX_cpd00573_e0	0	0	0	0	0	0	1	0	0	0	0	0	0
EX_cpd00644_e0	1	1	1	1	1	1	1	1	1	1	1	1	1
EX_cpd00653_e0	1	1	1	1	1	1	1	1	1	1	1	1	1
EX_cpd00659_e0	1	1	1	1	1	1	1	1	1	1	1	1	1
EX_cpd00751_e0	1	1	1	1	1	1	1	1	1	1	1	1	1
EX_cpd00794_e0	1	1	1	1	1	1	1	1	1	1	1	1	1
EX_cpd00811_e0	1	1	1	1	1	1	1	1	1	1	1	1	1
EX_cpd00832_e0	0	1	0	0	0	0	0	0	0	0	0	0	0
EX_cpd00949_e0	1	1	1	1	1	1	1	1	1	1	1	1	0
EX_cpd00971_e0	1	1	1	1	1	1	1	1	1	1	1	1	1
EX_cpd01012_e0	1	1	1	1	1	1	1	1	1	1	1	1	1
EX_cpd01015_e0	1	1	1	0	1	1	0	0	0	0	1	1	1
EX_cpd01024_e0	1	1	1	1	1	1	1	1	1	1	1	1	1
EX_cpd01092_e0	1	1	1	1	1	1	1	1	1	0	1	1	1
EX_cpd01132_e0	1	1	1	1	1	1	1	1	1	1	1	1	1
EX_cpd01217_e0	1	1	1	1	1	1	1	1	1	1	1	1	1
EX_cpd01262_e0	1	1	1	1	1	1	1	1	1	1	1	1	1
EX_cpd01318_e0	1	1	1	1	1	1	1	1	1	0	1	1	1
EX_cpd01354_e0	1	1	1	1	1	1	1	1	1	1	1	1	1
EX_cpd01399_e0	1	1	1	1	1	1	1	1	1	1	1	1	1
EX_cpd01618_e0	1	1	1	1	1	1	1	1	1	1	1	1	1
EX_cpd01663_e0	1	0	0	0	0	0	0	0	1	0	1	0	0
EX_cpd01861_e0	1	1	1	1	1	1	1	1	1	1	1	1	1
EX_cpd01981_e0	1	1	1	1	1	1	1	1	1	1	1	1	1
EX_cpd02733_e0	1	1	1	1	1	1	1	1	1	1	1	1	1
EX_cpd03047_e0	1	1	1	1	1	1	1	1	1	0	1	1	0
EX_cpd03198_e0	1	0	0	0	0	0	0	0	0	0	0	0	0
EX_cpd03246_e0	1	0	0	0	0	0	0	0	0	0	0	0	0
EX_cpd03247_e0	1	1	1	1	1	1	1	1	1	0	1	1	1
EX_cpd03424_e0	1	1	1	1	1	1	1	1	1	1	1	1	1
EX_cpd03662_e0	1	1	1	1	1	1	1	1	1	1	1	1	1
EX_cpd03808_e0	1	1	1	1	1	1	1	1	1	1	1	1	1
EX_cpd04097_e0	1	1	1	1	1	1	1	1	1	1	1	1	1
EX_cpd08021_e0	1	1	1	1	1	1	1	1	1	1	1	1	1
EX_cpd10515_e0	1	1	1	1	1	1	1	1	1	1	1	1	1
EX_cpd10516_e0	1	1	1	1	1	1	1	1	1	1	1	1	1
EX_cpd11416_c0	1	1	1	1	1	1	1	1	1	1	1	1	1
EX_cpd11451_e0	0	0	0	0	1	1	0	0	0	0	0	0	0
EX_cpd11574_e0	1	1	1	1	1	1	1	1	1	1	1	1	1
EX_cpd11606_e0	0	0	0	0	1	1	0	0	0	0	0	0	0
EX_cpd11632_e0	1	1	1	1	1	1	1	1	1	1	1	1	1
EX_cpd11640_e0	1	1	1	1	1	1	1	1	1	1	1	1	1
EX_cpd11976_e0	1	1	1	1	1	1	1	1	1	1	1	1	1
EX_cpd15494_e0	1	1	1	1	1	1	1	1	1	1	1	1	1
EX_cpd15560_e0	1	1	1	1	1	1	1	1	1	1	1	1	1
EX_cpd15561_e0	1	1	1	1	1	1	1	1	1	1	1	1	1
EX_cpd17026_e0	0	0	0	0	1	1	0	0	0	0	0	0	0
EX_cpd17027_e0	0	0	0	0	1	1	0	0	0	0	0	0	0
EX_cpd23431_e0	1	1	1	1	1	1	1	1	1	0	1	1	0
bio1	1	1	1	1	1	1	1	1	1	1	1	1	1
rxn00001_c0	1	1	1	1	1	1	1	1	1	1	1	1	1
rxn00003_c0	1	1	1	1	1	1	1	1	1	1	1	1	0
rxn00006_c0	1	1	1	1	1	1	1	1	1	1	1	1	1
rxn00010_c0	1	1	1	1	1	1	1	1	1	1	1	1	0
rxn00011_c0	1	1	1	1	1	1	1	1	1	1	1	1	0
rxn00016_c0	0	0	0	0	0	0	1	0	0	0	0	0	0
rxn00022_c0	1	1	1	1	1	1	1	1	1	1	1	1	1
rxn00029_c0	1	1	1	1	1	1	1	1	1	1	1	1	1
rxn00060_c0	1	1	1	1	1	1	1	1	1	1	1	1	1
rxn00062_c0	1	1	1	1	1	1	1	1	1	1	1	1	1
rxn00070_c0	1	1	1	1	1	1	1	1	1	1	1	1	1
rxn00076_c0	1	1	1	1	1	1	1	1	1	1	1	1	1
rxn00077_c0	1	1	1	1	1	1	1	1	1	1	1	1	1
rxn00085_c0	1	1	1	1	1	1	1	1	1	0	1	1	0
rxn00086_c0	1	1	1	1	1	1	1	1	1	1	1	1	1
rxn00088_c0	0	0	1	1	0	1	1	0	0	0	0	1	0
rxn00097_c0	1	1	1	1	1	1	1	1	1	1	1	1	1
rxn00100_c0	1	1	1	1	1	1	1	1	1	1	1	1	1
rxn00102_c0	1	1	1	0	1	0	1	0	0	0	0	1	0
rxn00103_c0	1	1	1	1	1	1	1	1	1	0	1	0	0
rxn00106_c0	1	1	1	1	1	1	1	1	1	1	1	1	0
rxn00107_c0	1	1	1	1	1	1	1	1	1	1	1	1	1
rxn00113_c0	1	1	1	1	1	1	1	1	1	1	1	1	1
rxn00114_c0	1	1	1	1	1	1	1	1	1	1	1	1	1
rxn00117_c0	1	1	1	1	1	1	1	1	1	1	1	1	1
rxn00119_c0	1	1	1	1	1	1	1	1	1	1	1	1	1
rxn00120_c0	1	1	1	1	1	1	1	1	1	0	1	1	0
rxn00121_c0	1	1	1	1	1	1	1	1	1	1	1	1	1
rxn00122_c0	1	1	1	1	1	1	1	1	1	1	1	1	1
rxn00126_c0	1	1	1	1	1	1	1	1	1	1	1	1	1
rxn00132_c0	1	1	0	1	1	0	1	1	0	1	1	1	1
rxn00137_c0	1	1	1	1	1	1	1	1	1	1	1	1	1
rxn00138_c0	1	1	1	1	1	1	1	1	1	1	1	1	1
rxn00139_c0	1	1	1	1	1	1	1	1	1	1	1	1	1
rxn00141_c0	1	1	1	1	1	1	1	1	1	1	1	1	1
rxn00147_c0	1	0	1	1	1	1	1	1	1	1	1	1	0
rxn00148_c0	1	0	1	1	1	1	1	1	1	1	1	1	1
rxn00154_c0	1	1	1	1	1	1	1	1	1	1	1	1	1
rxn00157_c0	0	0	0	0	0	0	0	0	0	1	0	0	1
rxn00159_c0	1	1	1	0	1	1	0	1	1	0	1	1	0
rxn00161_c0	1	1	1	0	1	1	1	1	1	0	1	1	0
rxn00162_c0	1	1	1	1	1	1	1	1	1	1	1	1	1
rxn00165_c0	1	1	1	1	1	1	1	1	1	1	1	1	0
rxn00171_c0	1	1	1	1	1	0	1	1	1	1	1	0	1
rxn00173_c0	1	1	1	1	1	1	1	1	1	1	1	1	1
rxn00174_c0	1	1	1	1	1	1	1	1	1	0	1	1	0
rxn00175_c0	1	1	1	1	1	1	1	1	1	0	1	1	0
rxn00176_c0	1	1	1	1	1	1	1	1	1	0	1	1	0
rxn00178_c0	1	1	1	1	1	1	1	1	1	1	1	1	1
rxn00179_c0	1	1	1	1	1	1	1	1	1	0	1	1	0
rxn00182_c0	1	1	1	1	1	1	1	1	1	1	1	1	0
rxn00184_c0	1	1	1	1	1	1	1	1	1	1	1	1	0
rxn00187_c0	1	1	1	1	1	1	1	1	1	1	1	1	1
rxn00189_c0	1	1	1	1	1	1	1	1	1	1	1	1	1
rxn00190_c0	1	1	1	1	1	1	1	1	1	0	1	1	1
rxn00191_c0	1	1	1	1	1	1	1	1	1	0	1	1	0
rxn00192_c0	1	1	1	1	1	1	1	1	1	1	1	0	0
rxn00193_c0	1	1	1	1	1	1	1	1	1	1	1	1	1
rxn00196_c0	1	1	1	1	1	1	1	1	1	0	1	1	0
rxn00198_c0	1	1	1	1	1	1	1	1	1	1	1	1	1
rxn00199_c0	1	1	1	1	1	1	1	1	1	1	1	1	1
rxn00203_c0	1	1	1	1	1	1	1	1	1	0	1	1	0
rxn00204_c0	1	1	1	1	1	1	1	1	1	1	1	1	1
rxn00206_c0	1	1	1	1	1	1	1	1	1	1	1	1	1
rxn00212_c0	1	1	1	1	1	1	1	1	1	1	1	1	1
rxn00213_c0	1	1	1	1	1	1	1	1	1	1	1	1	1
rxn00214_c0	1	1	1	1	1	1	1	1	1	1	1	1	0
rxn00216_c0	1	1	1	1	1	1	1	1	1	0	1	1	1
rxn00222_c0	0	1	0	0	0	0	0	0	0	0	0	0	0
rxn00223_c0	0	0	0	0	0	0	0	0	0	1	0	0	0
rxn00224_c0	1	1	1	1	1	1	1	1	1	1	1	1	1
rxn00225_c0	1	1	1	1	1	1	1	1	1	1	1	1	1
rxn00226_c0	1	1	1	1	1	1	1	1	1	0	1	1	0
rxn00231_c0	0	0	0	0	0	0	1	0	0	0	0	0	0
rxn00237_c0	1	1	1	1	1	1	1	1	1	1	1	1	1
rxn00238_c0	1	1	1	1	1	1	1	1	1	1	1	1	1
rxn00239_c0	1	1	1	1	1	1	1	1	1	1	1	1	1
rxn00241_c0	1	1	1	1	1	1	1	1	1	0	1	1	0
rxn00242_c0	1	1	1	1	1	1	1	1	1	1	1	1	1
rxn00247_c0	1	0	0	0	1	1	0	1	1	0	1	1	1
rxn00250_c0	1	1	1	1	1	1	1	1	1	1	1	1	0
rxn00256_c0	1	1	1	1	1	1	1	1	1	1	1	1	1
rxn00259_c0	1	1	0	1	0	0	0	0	0	0	0	1	1
rxn00260_c0	1	1	1	1	1	1	1	1	1	1	1	1	1
rxn00264_c0	1	1	1	1	1	1	1	1	1	1	1	1	0
rxn00272_c0	1	1	1	1	1	1	1	1	1	1	1	1	1
rxn00278_c0	0	0	0	0	0	0	0	0	0	0	0	1	1
rxn00283_c0	1	1	1	1	1	1	1	1	1	1	1	1	1
rxn00285_c0	1	0	0	1	1	0	1	0	1	0	0	1	0
rxn00292_c0	1	1	1	1	1	1	1	1	1	1	1	1	1
rxn00293_c0	1	1	1	1	1	1	1	1	1	1	1	1	1
rxn00295_c0	1	1	1	1	1	1	1	1	1	1	1	1	0
rxn00297_c0	1	1	1	1	1	1	1	1	1	1	1	1	1
rxn00299_c0	1	1	1	1	1	1	1	1	1	1	1	1	1
rxn00301_c0	1	1	1	1	1	1	1	1	1	1	1	1	1
rxn00303_c0	1	1	1	1	1	1	1	1	1	1	1	1	1
rxn00304_c0	1	0	1	1	1	1	1	1	1	1	1	1	1
rxn00313_c0	1	1	1	1	1	1	1	1	1	1	1	1	0
rxn00320_c0	1	1	1	1	1	1	1	1	1	1	1	1	1
rxn00321_c0	1	1	1	1	1	1	1	1	1	1	1	1	1
rxn00331_c0	0	0	0	0	0	0	0	0	0	0	0	0	1
rxn00337_c0	1	1	1	1	1	1	1	1	1	1	1	1	1
rxn00340_c0	1	1	1	1	1	1	1	1	1	1	1	1	1
rxn00342_c0	1	1	1	1	1	1	1	1	1	1	1	1	0
rxn00347_c0	1	1	1	1	1	1	1	1	1	1	1	1	1
rxn00351_c0	1	1	1	1	1	1	1	1	1	1	1	1	1
rxn00358_c0	1	1	1	1	1	1	1	1	1	1	1	1	1
rxn00359_c0	1	1	1	1	1	1	1	1	1	1	1	1	1
rxn00363_c0	1	1	1	1	1	1	1	1	1	1	1	1	1
rxn00364_c0	1	1	1	1	1	1	1	1	1	1	1	1	1
rxn00365_c0	1	0	1	1	1	1	1	1	1	1	1	1	0
rxn00368_c0	1	0	1	1	1	1	1	1	1	1	1	1	0
rxn00369_c0	1	0	1	1	1	1	1	1	1	1	1	1	0
rxn00392_c0	1	1	1	1	1	1	1	1	1	1	1	1	1
rxn00394_c0	1	1	1	1	1	1	1	1	1	1	1	1	0
rxn00395_c0	1	1	1	1	1	1	1	1	1	1	1	1	0
rxn00401_c0	0	0	0	0	0	0	1	0	0	0	0	0	0
rxn00405_c0	1	1	1	0	1	0	1	1	1	0	1	0	1
rxn00408_c0	1	1	1	1	1	1	1	1	1	0	1	1	0
rxn00409_c0	1	1	1	1	1	1	1	1	1	1	1	1	1
rxn00410_c0	1	1	1	1	1	1	1	1	1	1	1	1	1
rxn00411_c0	1	0	1	1	1	1	1	1	1	1	1	1	1
rxn00412_c0	1	1	1	1	1	1	1	1	1	1	1	1	1
rxn00414_c0	1	1	1	1	1	1	1	1	1	1	1	0	1
rxn00416_c0	1	0	1	1	1	1	1	1	1	1	1	1	1
rxn00420_c0	1	1	1	1	1	1	1	1	1	1	1	1	0
rxn00423_c0	1	1	1	1	1	1	1	1	1	1	1	1	1
rxn00425_c0	1	1	1	1	1	1	1	1	1	1	1	1	0
rxn00426_c0	1	1	1	1	1	1	1	1	1	1	1	1	0
rxn00427_c0	1	1	1	1	1	1	1	1	1	1	1	1	1
rxn00429_c0	1	1	1	1	1	1	1	1	1	0	1	1	0
rxn00430_c0	0	0	0	0	0	0	0	0	0	1	0	1	1
rxn00436_c0	1	1	1	1	1	1	1	1	1	0	1	1	0
rxn00440_c0	1	1	1	1	1	1	1	1	1	1	1	1	1
rxn00442_c0	1	1	1	1	1	1	1	1	1	0	1	1	0
rxn00453_c0	1	1	1	1	1	1	1	1	1	1	1	1	1
rxn00456_c0	1	1	1	1	1	1	1	1	1	1	1	1	1
rxn00459_c0	1	1	1	1	1	1	1	1	1	1	1	1	1
rxn00460_c0	1	0	1	1	1	1	1	1	1	1	1	1	1
rxn00461_c0	1	1	1	1	1	1	1	1	1	1	1	1	1
rxn00463_c0	1	1	1	1	1	1	1	1	1	1	1	1	1
rxn00467_c0	0	0	0	0	0	0	1	0	0	0	0	0	0
rxn00468_c0	0	0	0	0	0	0	1	0	0	0	0	0	0
rxn00469_c0	1	1	1	1	1	1	1	1	1	1	1	0	0
rxn00470_c0	1	1	1	1	1	1	0	1	1	1	1	1	0
rxn00472_c0	1	1	1	1	1	1	1	1	1	1	1	1	1
rxn00473_c0	0	0	1	0	0	1	0	0	0	0	0	1	1
rxn00474_c0	1	1	1	1	1	1	1	1	1	0	1	1	1
rxn00483_c0	1	1	1	1	1	1	1	1	1	1	1	1	1
rxn00490_c0	0	1	0	1	1	0	0	1	0	0	0	1	0
rxn00493_c0	1	1	1	1	1	1	1	1	1	1	1	1	1
rxn00499_c0	1	0	0	1	1	0	1	0	1	1	0	1	0
rxn00500_c0	0	1	0	0	0	0	0	0	0	0	0	0	0
rxn00503_c0	1	0	0	0	1	1	1	0	1	0	0	0	0
rxn00504_c0	0	1	1	0	0	0	0	1	0	0	1	1	0
rxn00505_c0	1	1	1	1	1	1	1	1	1	1	1	1	0
rxn00506_c0	1	1	1	1	1	1	1	1	1	0	1	1	0
rxn00512_c0	0	0	0	0	0	0	0	0	0	0	0	0	1
rxn00513_c0	1	1	1	1	1	1	1	1	1	0	1	1	0
rxn00514_c0	1	1	1	1	1	1	1	1	1	1	1	1	1
rxn00515_c0	1	1	1	1	1	1	1	1	1	1	1	1	1
rxn00517_c0	1	0	1	1	1	1	1	1	1	1	1	1	1
rxn00527_c0	1	1	1	1	1	1	1	1	1	1	1	1	1
rxn00533_c0	1	1	1	1	1	1	1	1	1	1	1	1	1
rxn00536_c0	1	1	1	1	1	1	1	1	1	1	1	1	1
rxn00539_c0	1	1	1	1	1	1	1	1	1	1	1	1	1
rxn00540_c0	1	0	0	1	1	0	1	1	1	1	0	0	0
rxn00541_c0	1	1	1	1	1	1	1	1	1	1	1	1	1
rxn00543_c0	1	1	1	1	1	1	1	1	1	1	1	1	1
rxn00545_c0	1	1	1	1	1	1	1	1	1	1	1	1	1
rxn00547_c0	0	0	0	0	0	0	0	0	0	1	0	0	0
rxn00548_c0	0	0	1	0	0	0	1	1	1	0	0	0	1
rxn00549_c0	1	1	1	1	1	1	1	1	1	1	1	1	0
rxn00551_c0	1	1	1	1	1	1	1	1	1	1	1	1	1
rxn00552_c0	1	1	1	1	1	1	1	1	1	1	1	1	1
rxn00554_c0	1	1	1	1	1	1	1	1	1	1	1	1	1
rxn00555_c0	1	1	1	1	1	1	1	1	1	1	1	1	0
rxn00556_c0	1	1	1	1	1	1	1	1	1	1	1	1	1
rxn00557_c0	1	1	1	1	1	1	1	1	1	1	1	1	1
rxn00558_c0	1	1	1	1	1	1	1	1	1	1	1	1	1
rxn00566_c0	1	1	1	1	1	1	1	1	1	1	1	1	1
rxn00575_c0	1	1	1	1	1	1	1	1	1	1	1	1	1
rxn00598_c0	1	1	1	1	1	1	1	1	1	1	1	1	1
rxn00599_c0	0	0	0	0	0	0	0	0	0	1	0	0	1
rxn00602_c0	1	1	1	1	1	1	1	0	1	1	1	1	1
rxn00611_c0	1	1	1	1	1	1	1	1	1	1	1	1	1
rxn00612_c0	1	1	1	1	1	1	1	1	1	1	1	1	0
rxn00615_c0	1	1	0	1	1	0	1	1	1	1	1	1	0
rxn00621_c0	1	1	1	1	1	1	1	1	1	1	1	1	1
rxn00633_c0	1	1	1	1	1	1	1	1	1	0	1	1	1
rxn00634_c0	1	1	1	1	1	1	1	1	1	1	1	1	1
rxn00646_c0	1	1	1	1	1	1	1	1	1	1	1	1	1
rxn00647_c0	1	1	1	1	1	1	1	1	1	1	1	1	1
rxn00649_c0	1	1	1	1	1	1	1	1	1	1	1	1	1
rxn00653_c0	1	1	1	1	1	1	1	1	1	0	1	1	0
rxn00654_c0	0	0	1	0	0	0	0	0	0	0	0	0	0
rxn00657_c0	0	0	0	0	0	0	1	0	0	1	0	0	0
rxn00670_c0	1	1	1	1	1	1	1	1	1	1	1	1	1
rxn00672_c0	1	1	1	1	1	0	1	1	1	1	1	1	1
rxn00676_c0	1	1	1	1	1	1	1	1	1	1	1	1	1
rxn00677_c0	1	1	1	1	1	1	1	1	1	1	1	1	1
rxn00678_c0	1	1	1	1	1	1	1	1	1	1	1	1	1
rxn00684_c0	1	1	1	1	1	1	1	1	1	1	1	1	1
rxn00686_c0	1	1	1	1	1	1	1	1	1	1	1	1	1
rxn00690_c0	1	1	1	1	1	1	1	1	1	1	1	1	0
rxn00692_c0	1	1	1	1	1	1	1	1	1	1	1	1	1
rxn00693_c0	1	1	1	1	1	1	1	1	1	1	1	1	1
rxn00695_c0	1	1	1	1	1	1	1	1	1	1	1	1	1
rxn00704_c0	1	1	1	1	1	1	1	1	1	1	1	1	1
rxn00707_c0	1	0	1	1	1	1	1	1	1	1	1	1	0
rxn00708_c0	1	1	1	1	1	1	1	1	1	1	1	1	1
rxn00709_c0	1	0	1	1	1	1	1	1	1	1	1	1	0
rxn00710_c0	1	1	1	1	1	1	1	1	1	1	1	1	1
rxn00711_c0	1	1	1	1	1	1	1	1	1	1	1	1	1
rxn00712_c0	1	0	1	1	1	1	1	1	1	1	1	1	0
rxn00713_c0	1	0	1	1	1	1	1	1	1	1	1	1	0
rxn00715_c0	1	0	1	1	1	1	1	1	1	1	1	1	0
rxn00720_c0	1	1	1	1	1	1	1	1	1	1	1	1	1
rxn00735_c0	1	1	1	1	1	1	1	1	1	1	1	1	1
rxn00736_c0	1	1	1	1	1	1	1	1	1	1	1	1	1
rxn00737_c0	1	1	1	1	1	1	1	1	1	1	1	1	0
rxn00742_c0	1	1	1	1	1	1	1	1	1	1	1	1	1
rxn00747_c0	1	1	1	1	1	1	1	1	1	1	1	1	1
rxn00751_c0	1	0	1	1	1	1	1	1	1	1	1	0	0
rxn00762_c0	1	1	1	1	1	1	1	1	1	1	1	1	1
rxn00763_c0	1	1	1	1	1	1	1	1	1	1	1	1	1
rxn00765_c0	1	1	1	1	1	1	1	1	1	1	1	1	1
rxn00768_c0	1	1	1	1	1	1	1	1	1	1	1	0	0
rxn00769_c0	1	1	1	1	1	1	1	1	1	1	1	0	0
rxn00770_c0	1	1	1	1	1	1	1	1	1	1	1	1	1
rxn00772_c0	1	1	1	1	1	1	1	1	1	1	1	1	0
rxn00776_c0	1	1	1	1	1	1	1	1	1	1	1	1	1
rxn00777_c0	0	1	1	0	0	1	1	1	1	1	1	1	1
rxn00778_c0	1	1	1	1	1	1	1	1	1	1	1	1	1
rxn00781_c0	1	1	1	1	1	1	1	1	1	1	1	1	1
rxn00782_c0	1	1	1	1	1	1	1	1	1	1	1	1	1
rxn00783_c0	1	1	1	1	1	1	1	1	1	1	1	1	1
rxn00784_c0	1	1	1	1	1	1	1	1	1	1	1	1	1
rxn00786_c0	1	1	1	1	1	1	1	1	1	1	1	1	1
rxn00787_c0	1	1	1	1	1	1	1	1	1	1	1	1	1
rxn00789_c0	1	1	1	1	1	1	1	1	1	1	1	1	0
rxn00790_c0	1	1	1	1	1	1	1	1	1	1	1	1	0
rxn00797_c0	1	1	1	1	1	1	1	1	1	0	1	1	1
rxn00799_c0	1	1	1	1	1	1	1	1	1	1	1	1	1
rxn00800_c0	1	1	1	1	1	1	1	1	1	1	1	1	1
rxn00802_c0	1	1	1	1	1	1	1	1	1	1	1	1	0
rxn00806_c0	1	1	1	1	1	1	1	1	1	1	1	1	1
rxn00817_c0	1	1	1	1	1	1	1	1	1	1	0	1	1
rxn00818_c0	1	1	1	1	1	1	1	1	1	1	0	1	1
rxn00819_c0	1	1	1	1	1	1	1	1	1	1	0	1	1
rxn00830_c0	1	1	1	1	1	1	1	1	1	1	1	1	0
rxn00831_c0	0	0	0	1	0	0	0	0	0	1	0	0	0
rxn00832_c0	1	1	1	1	1	1	1	1	1	1	1	1	1
rxn00834_c0	1	1	1	1	1	1	1	1	1	0	1	1	1
rxn00836_c0	1	1	1	1	1	1	1	1	1	1	1	1	1
rxn00838_c0	1	1	1	1	1	1	1	1	1	1	1	1	1
rxn00839_c0	1	1	1	1	1	1	1	1	1	1	1	1	1
rxn00840_c0	1	0	1	1	1	1	1	1	1	1	1	1	1
rxn00851_c0	1	1	1	1	1	1	1	1	1	1	1	1	1
rxn00856_c0	1	1	1	1	1	1	1	1	1	1	1	1	1
rxn00858_c0	1	1	1	1	1	1	1	1	1	1	1	1	1
rxn00859_c0	1	1	1	1	1	1	1	1	1	0	1	1	0
rxn00863_c0	1	1	1	1	1	1	1	1	1	0	1	1	0
rxn00869_c0	1	1	1	1	1	0	1	1	1	1	1	0	1
rxn00871_c0	1	1	1	1	1	1	1	1	1	1	1	1	0
rxn00872_c0	1	1	1	1	1	1	1	1	1	1	1	1	1
rxn00874_c0	1	1	1	1	1	1	1	1	1	1	1	1	1
rxn00875_c0	1	1	1	1	1	1	1	1	1	1	1	1	1
rxn00890_c0	1	1	1	1	1	1	1	1	1	1	0	1	1
rxn00897_c0	1	1	1	1	1	1	1	1	1	1	1	1	1
rxn00898_c0	1	1	1	1	1	1	1	1	1	1	1	1	1
rxn00899_c0	1	1	1	1	1	1	1	1	1	1	1	1	1
rxn00902_c0	1	1	1	1	1	1	1	1	1	1	1	1	1
rxn00903_c0	1	1	1	1	1	1	1	1	1	1	1	1	1
rxn00904_c0	0	0	0	0	0	0	0	0	0	0	0	0	1
rxn00907_c0	1	1	1	1	1	1	1	1	1	1	1	1	1
rxn00908_c0	1	1	1	1	1	1	1	1	1	1	1	1	1
rxn00910_c0	1	1	1	1	1	1	1	1	1	1	1	1	1
rxn00913_c0	1	1	1	1	1	1	1	1	1	1	1	1	1
rxn00915_c0	1	1	1	1	1	1	1	1	1	1	1	1	1
rxn00916_c0	1	1	1	1	1	1	1	1	1	1	1	1	1
rxn00917_c0	1	1	1	1	1	1	1	1	1	1	1	1	1
rxn00929_c0	1	1	1	0	1	1	1	1	1	0	1	1	0
rxn00931_c0	1	1	1	0	1	1	1	1	1	0	1	1	0
rxn00935_c0	0	0	0	0	0	1	0	1	0	0	1	0	1
rxn00945_c0	0	0	0	0	0	0	0	0	0	0	0	1	0
rxn00950_c0	1	1	1	1	1	1	1	1	1	1	1	1	1
rxn00952_c0	1	1	1	1	1	1	1	1	1	1	1	1	1
rxn00953_c0	1	1	1	1	1	1	1	1	1	1	1	1	0
rxn00957_c0	1	1	1	1	1	1	1	1	1	0	1	1	0
rxn00958_c0	1	1	1	1	1	1	1	1	1	0	1	1	0
rxn00972_c0	1	1	0	1	0	0	0	0	0	0	0	1	1
rxn00973_c0	1	1	1	1	1	1	1	1	1	1	1	1	0
rxn00974_c0	1	1	1	1	1	1	1	1	1	1	1	1	0
rxn00977_c0	1	1	1	1	1	1	1	1	1	1	0	1	1
rxn00979_c0	1	1	1	1	1	1	1	1	1	0	1	1	1
rxn00990_c0	1	1	1	1	1	1	1	1	1	1	1	1	1
rxn00991_c0	1	1	1	1	1	1	1	1	1	1	1	1	1
rxn00993_c0	1	1	1	1	1	1	1	1	1	1	1	1	1
rxn01000_c0	1	0	1	0	0	1	1	0	1	0	1	0	1
rxn01011_c0	1	1	1	1	1	1	1	1	1	0	1	1	0
rxn01013_c0	1	1	1	1	1	1	1	1	1	0	1	1	1
rxn01016_c0	1	1	1	1	1	1	1	1	1	1	1	1	1
rxn01018_c0	1	1	1	1	1	1	1	1	1	1	1	1	1
rxn01019_c0	1	1	1	1	1	1	1	1	1	1	1	1	0
rxn01021_c0	0	1	0	0	0	0	0	0	0	0	0	0	0
rxn01028_c0	1	1	1	1	1	1	1	1	1	1	1	1	1
rxn01032_c0	1	1	1	1	1	1	1	1	1	0	1	1	0
rxn01033_c0	1	1	1	1	1	1	1	1	1	0	1	1	0
rxn01044_c0	0	0	0	0	0	0	0	0	0	1	0	0	0
rxn01052_c0	0	0	0	1	0	1	0	1	0	1	0	0	0
rxn01053_c0	1	1	1	1	1	0	1	1	1	0	1	1	0
rxn01056_c0	1	1	1	1	1	1	1	1	1	1	1	1	1
rxn01068_c0	1	1	1	1	1	1	1	1	1	1	1	1	1
rxn01069_c0	1	1	1	1	1	1	1	1	1	1	1	1	1
rxn01075_c0	1	1	1	1	1	1	1	1	1	1	1	1	0
rxn01080_c0	1	1	0	1	1	1	1	1	1	1	0	0	0
rxn01100_c0	1	1	1	1	1	1	1	1	1	1	1	1	0
rxn01101_c0	1	1	1	1	1	1	1	1	1	1	1	1	0
rxn01104_c0	1	0	1	1	1	1	1	1	1	1	1	1	0
rxn01105_c0	0	0	0	0	0	0	0	0	0	0	0	0	1
rxn01106_c0	1	1	1	1	1	1	1	1	1	1	1	1	1
rxn01107_c0	1	1	1	1	1	1	1	1	1	1	1	1	1
rxn01114_c0	0	1	0	0	0	0	0	0	0	0	0	0	0
rxn01116_c0	1	1	1	1	1	1	1	1	1	1	1	1	1
rxn01121_c0	1	1	1	1	1	1	1	1	1	1	1	1	1
rxn01122_c0	1	1	1	1	1	1	1	1	1	1	1	1	0
rxn01123_c0	1	1	1	1	1	1	1	1	1	1	1	1	1
rxn01124_c0	1	1	1	1	1	1	1	1	1	1	1	1	1
rxn01127_c0	1	1	1	1	1	1	1	1	1	1	1	1	1
rxn01128_c0	1	0	1	1	1	1	1	1	1	1	1	1	0
rxn01129_c0	1	0	1	1	1	1	1	1	1	1	1	1	0
rxn01132_c0	1	1	1	1	1	1	1	1	1	1	1	1	1
rxn01137_c0	1	0	0	1	0	1	0	0	0	0	0	0	1
rxn01138_c0	1	1	1	1	1	1	1	1	1	1	1	1	1
rxn01159_c0	1	1	1	1	1	1	1	1	1	1	1	1	1
rxn01171_c0	0	0	0	0	0	1	0	1	0	0	1	0	0
rxn01174_c0	1	0	1	1	1	0	1	1	1	0	0	0	0
rxn01176_c0	1	1	1	1	1	1	1	1	1	1	1	1	1
rxn01187_c0	1	1	1	0	1	1	1	1	1	0	1	1	0
rxn01199_c0	1	1	1	1	1	1	1	1	1	1	1	1	0
rxn01200_c0	0	1	1	1	0	1	1	1	0	1	1	1	1
rxn01201_c0	1	1	1	1	1	1	1	1	1	1	1	1	1
rxn01204_c0	0	0	0	0	0	0	1	0	0	1	0	0	0
rxn01207_c0	1	1	1	1	1	1	1	1	1	1	1	1	1
rxn01211_c0	1	1	1	1	1	1	1	1	1	1	1	1	1
rxn01213_c0	1	1	1	1	1	1	1	1	1	1	1	1	1
rxn01217_c0	1	1	1	1	1	1	1	1	1	1	1	1	1
rxn01219_c0	1	1	1	1	1	1	1	1	1	1	1	1	1
rxn01225_c0	1	1	1	1	1	1	1	1	1	1	1	1	0
rxn01231_c0	1	1	1	1	1	1	1	1	1	0	1	1	0
rxn01236_c0	1	1	1	1	1	1	1	1	1	1	1	1	1
rxn01241_c0	1	1	1	1	1	1	1	1	1	1	1	1	1
rxn01242_c0	1	1	1	1	1	1	1	1	1	1	1	1	0
rxn01255_c0	1	1	1	1	1	1	1	1	1	1	1	1	0
rxn01256_c0	1	1	1	1	1	1	1	1	1	1	1	1	1
rxn01261_c0	1	1	1	0	1	0	1	1	1	0	1	1	1
rxn01265_c0	1	1	1	1	1	1	1	1	1	1	1	1	1
rxn01267_c0	1	0	0	0	0	0	1	0	0	0	0	1	0
rxn01268_c0	1	1	1	1	1	1	1	1	1	1	1	1	0
rxn01275_c0	1	1	1	1	1	1	1	1	1	0	1	1	0
rxn01276_c0	0	0	0	0	0	0	1	0	0	0	0	0	0
rxn01280_c0	1	1	1	1	1	1	1	1	1	1	1	1	1
rxn01281_c0	1	1	1	1	1	1	1	1	1	1	1	1	1
rxn01286_c0	1	1	1	1	1	1	1	1	1	0	1	1	1
rxn01297_c0	1	1	1	1	1	1	1	1	1	1	1	1	1
rxn01300_c0	1	1	1	1	1	1	1	1	1	1	1	1	1
rxn01301_c0	1	1	1	1	1	1	1	1	1	1	1	1	1
rxn01302_c0	1	1	1	1	1	1	1	1	1	1	1	1	1
rxn01304_c0	1	1	1	1	1	1	1	1	1	1	1	1	1
rxn01305_c0	1	1	1	1	1	1	1	1	1	1	1	1	1
rxn01322_c0	1	1	1	1	1	1	1	1	1	1	1	1	1
rxn01329_c0	1	1	1	1	1	0	1	1	1	1	1	1	0
rxn01331_c0	1	1	1	1	1	1	1	1	1	1	1	1	1
rxn01332_c0	1	1	1	1	1	1	1	1	1	1	1	1	1
rxn01333_c0	1	1	1	1	1	1	1	1	1	1	1	0	1
rxn01334_c0	1	1	1	1	1	1	1	1	1	1	1	1	1
rxn01343_c0	1	1	1	1	1	1	1	1	1	1	1	1	1
rxn01345_c0	0	0	0	0	0	0	0	0	0	0	0	1	0
rxn01346_c0	1	1	1	1	1	1	1	1	1	1	1	1	1
rxn01347_c0	1	1	1	1	1	1	1	1	1	1	1	1	1
rxn01348_c0	1	1	1	1	1	1	1	1	1	1	1	1	1
rxn01351_c0	1	1	1	1	1	1	1	1	1	1	1	1	1
rxn01353_c0	1	1	1	1	1	1	1	1	1	1	1	1	1
rxn01354_c0	1	0	1	1	1	1	1	1	1	1	1	1	1
rxn01355_c0	1	1	1	1	1	0	1	1	1	1	1	1	1
rxn01358_c0	1	1	1	1	1	1	1	1	1	1	1	1	1
rxn01359_c0	0	0	0	0	0	0	0	0	0	0	0	0	1
rxn01361_c0	1	1	1	1	1	1	1	1	1	1	1	1	0
rxn01362_c0	1	1	1	1	1	1	1	1	1	1	1	1	1
rxn01366_c0	1	1	1	1	1	1	1	1	1	1	1	1	0
rxn01368_c0	1	0	1	1	1	1	1	1	1	1	1	1	0
rxn01370_c0	1	0	1	1	1	1	1	1	1	1	1	1	0
rxn01383_c0	0	1	0	0	0	0	0	0	0	0	0	0	0
rxn01385_c0	0	0	0	1	0	0	1	1	1	1	0	0	0
rxn01387_c0	1	1	1	1	1	1	1	1	1	1	1	1	1
rxn01388_c0	1	1	1	1	1	1	1	1	1	1	1	1	0
rxn01418_c0	1	1	1	1	1	1	1	1	1	1	1	1	1
rxn01419_c0	1	1	1	1	1	1	1	1	1	1	1	1	0
rxn01423_c0	1	1	1	1	1	1	1	1	1	1	1	1	1
rxn01434_c0	1	1	1	1	1	1	1	1	1	1	1	1	1
rxn01445_c0	1	1	1	1	1	1	1	1	1	0	1	0	1
rxn01446_c0	1	1	1	1	1	1	1	1	1	1	1	1	1
rxn01451_c0	1	1	1	1	1	1	1	1	1	1	1	1	1
rxn01452_c0	1	1	1	1	1	1	1	1	1	1	1	1	1
rxn01457_c0	1	1	0	1	1	1	1	1	1	1	0	0	0
rxn01459_c0	1	1	1	1	1	1	1	1	1	1	1	1	1
rxn01462_c0	1	1	1	1	1	1	1	1	1	1	1	1	1
rxn01465_c0	1	1	1	1	1	1	1	1	1	1	1	1	1
rxn01466_c0	1	1	1	1	1	1	1	1	1	1	1	1	1
rxn01477_c0	1	1	1	1	1	1	1	1	1	1	1	1	1
rxn01480_c0	0	0	0	1	0	1	0	1	0	0	1	0	0
rxn01483_c0	0	0	0	0	0	0	0	0	0	1	0	0	0
rxn01484_c0	1	1	1	1	1	1	1	1	1	0	1	1	1
rxn01485_c0	1	1	1	1	1	1	1	1	1	1	1	1	1
rxn01486_c0	1	1	1	1	1	1	1	1	1	0	1	1	0
rxn01500_c0	1	0	0	1	1	0	1	1	1	1	0	0	0
rxn01501_c0	1	1	1	1	1	1	1	1	1	1	1	1	1
rxn01504_c0	1	1	1	1	1	1	1	1	1	1	1	1	1
rxn01505_c0	1	1	1	1	1	1	1	1	1	1	1	1	1
rxn01507_c0	0	0	0	0	0	0	0	0	0	1	0	0	0
rxn01509_c0	1	1	1	1	1	1	1	1	1	0	1	1	0
rxn01510_c0	1	0	1	1	1	1	1	1	1	1	1	1	0
rxn01512_c0	1	1	1	1	1	1	1	1	1	1	1	1	1
rxn01513_c0	1	1	1	1	1	1	1	1	1	1	1	1	1
rxn01515_c0	1	0	1	1	1	1	1	1	1	1	1	1	0
rxn01516_c0	1	0	1	1	1	1	1	1	1	1	1	1	0
rxn01517_c0	1	1	1	1	1	1	1	1	1	0	1	1	0
rxn01518_c0	0	0	0	1	0	0	0	0	0	1	0	1	1
rxn01519_c0	1	1	1	1	1	1	1	1	1	1	1	1	1
rxn01520_c0	1	1	1	1	1	1	1	1	1	1	1	1	1
rxn01522_c0	1	1	1	1	1	1	1	1	1	1	1	1	1
rxn01530_c0	1	1	1	1	1	1	1	1	1	1	1	1	1
rxn01544_c0	1	1	1	1	1	1	1	1	1	1	1	1	1
rxn01548_c0	1	1	1	1	1	1	1	1	1	1	1	1	1
rxn01564_c0	1	1	1	1	1	1	1	1	1	1	1	1	0
rxn01573_c0	0	0	0	0	0	0	0	0	0	0	0	0	1
rxn01575_c0	1	1	1	1	1	1	1	1	1	1	1	1	1
rxn01601_c0	1	1	1	1	1	1	1	1	1	1	1	1	1
rxn01602_c0	1	1	1	1	1	1	1	1	1	1	1	1	1
rxn01603_c0	1	1	1	1	1	1	1	1	1	1	1	1	1
rxn01607_c0	0	0	0	0	0	0	1	0	0	0	0	0	0
rxn01615_c0	1	1	1	1	1	1	1	1	1	1	1	1	1
rxn01620_c0	1	1	1	1	1	0	1	1	1	0	1	1	0
rxn01626_c0	1	1	1	1	1	1	1	1	0	0	1	1	0
rxn01629_c0	1	1	1	1	1	1	1	1	1	0	1	1	0
rxn01636_c0	1	1	1	1	1	1	1	1	1	0	1	0	0
rxn01637_c0	1	1	1	1	1	1	1	1	1	1	1	1	0
rxn01643_c0	1	1	1	1	1	1	1	1	1	1	1	1	1
rxn01644_c0	1	1	1	1	1	1	1	1	1	1	1	1	1
rxn01646_c0	1	1	1	1	1	1	1	1	1	1	1	1	1
rxn01647_c0	1	1	1	1	1	1	1	1	1	1	1	1	1
rxn01648_c0	1	1	1	1	1	1	1	1	1	1	1	1	0
rxn01649_c0	1	1	1	1	1	1	1	1	1	1	1	1	1
rxn01650_c0	1	1	1	1	1	1	1	1	1	1	1	1	0
rxn01652_c0	1	1	1	1	1	1	1	1	1	0	1	1	0
rxn01654_c0	0	0	0	0	0	0	0	0	0	0	0	0	1
rxn01666_c0	1	1	1	1	1	1	1	1	1	0	1	1	0
rxn01667_c0	1	1	1	1	1	1	1	1	1	1	1	1	1
rxn01669_c0	1	1	1	1	1	1	1	1	1	0	1	1	0
rxn01673_c0	1	1	1	1	1	1	1	1	1	1	1	1	1
rxn01674_c0	1	0	1	1	1	1	1	1	1	1	1	1	0
rxn01677_c0	1	1	1	1	1	1	1	1	1	0	1	1	0
rxn01678_c0	1	1	1	1	1	1	1	1	1	1	1	1	1
rxn01679_c0	1	0	1	1	1	1	1	1	1	1	1	1	0
rxn01684_c0	1	1	1	1	1	1	1	1	1	1	1	1	1
rxn01705_c0	1	0	1	1	1	1	1	1	1	1	1	1	0
rxn01706_c0	1	0	1	1	1	1	1	1	1	1	1	1	0
rxn01709_c0	1	1	1	1	1	1	1	1	1	1	1	0	0
rxn01710_c0	1	1	1	1	1	1	1	1	1	1	1	1	1
rxn01715_c0	1	1	1	1	1	1	1	1	1	1	1	1	0
rxn01725_c0	1	1	1	1	1	1	1	1	1	0	1	0	0
rxn01731_c0	1	0	0	1	1	0	1	0	1	0	0	1	0
rxn01735_c0	1	1	1	1	1	1	1	1	1	1	1	1	1
rxn01739_c0	1	1	1	1	1	0	1	1	1	0	1	1	0
rxn01740_c0	1	1	1	1	1	0	1	1	1	0	1	1	0
rxn01741_c0	1	1	1	1	1	0	0	1	1	0	1	1	0
rxn01753_c0	1	1	1	1	1	1	1	1	1	1	1	1	1
rxn01757_c0	1	1	1	1	1	1	1	1	1	1	1	1	1
rxn01769_c0	1	1	1	1	1	1	1	1	1	1	1	1	1
rxn01775_c0	1	0	0	1	1	0	1	1	1	1	0	0	0
rxn01799_c0	1	1	1	1	1	1	1	1	1	1	1	1	1
rxn01800_c0	1	0	1	1	1	1	1	1	1	1	1	1	0
rxn01802_c0	1	1	1	1	1	1	1	1	1	1	1	1	1
rxn01816_c0	1	1	1	1	1	1	1	1	1	1	1	1	1
rxn01828_c0	1	1	1	1	1	1	1	1	1	1	1	1	1
rxn01829_c0	1	0	0	1	1	1	1	1	1	0	0	0	0
rxn01833_c0	1	1	1	1	1	1	1	1	1	1	1	1	0
rxn01836_c0	1	1	1	1	1	1	1	1	1	1	1	1	0
rxn01843_c0	0	0	0	0	0	0	1	0	0	0	0	0	0
rxn01851_c0	1	1	1	1	1	1	1	1	1	0	1	1	0
rxn01857_c0	1	1	0	1	1	1	1	1	1	1	0	0	0
rxn01858_c0	0	1	1	0	1	0	1	1	1	0	1	1	0
rxn01859_c0	1	1	1	1	1	1	1	1	1	1	1	1	1
rxn01870_c0	1	1	1	1	1	1	1	1	1	1	1	1	1
rxn01871_c0	1	1	1	1	1	1	1	1	1	1	1	1	0
rxn01893_c0	1	0	0	1	1	0	1	1	1	1	0	0	0
rxn01894_c0	1	0	0	1	1	0	1	1	1	1	0	0	0
rxn01902_c0	1	1	1	1	1	1	1	1	1	1	1	1	1
rxn01903_c0	1	1	1	1	1	1	1	1	1	1	1	1	0
rxn01906_c0	1	1	1	1	1	1	1	1	1	1	1	1	1
rxn01917_c0	1	1	1	1	1	1	1	1	1	1	1	1	0
rxn01921_c0	0	1	0	0	0	1	0	0	0	0	0	0	0
rxn01923_c0	1	1	1	1	1	1	1	1	1	1	1	1	1
rxn01925_c0	0	0	1	1	0	0	0	0	0	0	0	0	0
rxn01932_c0	1	1	1	1	1	1	1	1	1	1	1	1	1
rxn01937_c0	1	1	1	1	1	1	1	1	1	0	1	1	0
rxn01939_c0	1	1	1	1	1	1	1	1	1	1	1	1	1
rxn01945_c0	1	1	1	1	1	1	1	1	1	1	1	1	1
rxn01947_c0	1	1	1	1	1	1	1	1	1	1	1	1	1
rxn01953_c0	1	1	1	1	1	1	1	1	1	1	1	1	1
rxn01961_c0	1	1	1	1	1	1	1	1	1	1	1	1	1
rxn01962_c0	1	1	1	1	1	1	1	1	1	1	1	1	1
rxn01966_c0	1	1	1	1	1	1	1	1	1	1	1	1	1
rxn01967_c0	1	1	1	1	1	1	1	1	1	1	1	1	1
rxn01977_c0	1	1	1	1	1	1	1	1	1	1	1	1	1
rxn01985_c0	1	1	1	1	1	1	1	1	1	1	1	1	1
rxn01986_c0	0	0	0	0	0	0	0	0	0	0	0	1	0
rxn01987_c0	1	1	1	1	1	1	1	1	1	1	1	1	0
rxn01989_c0	1	1	1	1	1	1	1	1	1	1	1	1	1
rxn01991_c0	1	1	1	1	1	1	1	1	1	0	1	0	0
rxn01996_c0	1	0	0	1	1	0	1	0	1	1	0	1	0
rxn02005_c0	0	0	0	0	0	0	1	0	0	0	0	0	0
rxn02008_c0	1	1	1	1	1	1	1	1	1	1	1	1	1
rxn02009_c0	1	1	1	1	1	1	1	1	1	1	1	1	0
rxn02011_c0	1	1	1	1	1	1	1	1	1	1	1	1	1
rxn02013_c0	1	1	1	1	1	1	1	1	1	1	1	1	0
rxn02015_c0	1	1	1	1	1	1	1	1	1	0	1	1	0
rxn02021_c0	1	1	1	1	1	1	1	1	1	1	1	1	1
rxn02029_c0	1	1	1	1	1	1	1	1	1	1	1	1	1
rxn02041_c0	1	1	1	1	1	1	1	1	1	1	1	1	0
rxn02056_c0	1	1	1	1	1	1	1	1	1	0	1	1	1
rxn02075_c0	1	1	1	1	1	1	1	1	1	1	1	1	1
rxn02081_c0	1	1	1	1	1	1	1	1	1	1	1	1	0
rxn02087_c0	1	1	1	1	1	1	1	1	1	1	1	1	0
rxn02093_c0	1	1	1	1	1	1	1	1	1	1	0	1	1
rxn02100_c0	1	0	0	1	1	1	1	1	1	0	0	0	0
rxn02106_c0	1	1	1	1	1	1	1	1	1	0	1	1	0
rxn02112_c0	0	1	1	1	0	1	1	1	0	0	1	0	0
rxn02122_c0	1	1	1	1	1	1	1	1	1	0	1	1	0
rxn02128_c0	1	1	1	1	1	1	1	1	1	0	1	1	0
rxn02138_c0	1	1	1	1	1	1	1	1	1	1	1	1	0
rxn02154_c0	1	1	1	1	1	1	1	1	1	1	1	1	1
rxn02155_c0	1	1	1	1	1	1	1	1	1	1	1	1	1
rxn02159_c0	1	1	1	1	1	1	1	1	1	0	1	1	0
rxn02160_c0	1	1	1	1	1	1	1	1	1	1	1	1	0
rxn02167_c0	1	1	1	1	1	1	1	1	1	1	1	1	1
rxn02168_c0	1	1	1	1	1	1	1	1	1	1	1	1	1
rxn02170_c0	1	1	1	1	1	1	1	1	1	1	1	1	1
rxn02173_c0	1	1	1	1	1	1	1	1	1	1	1	1	1
rxn02175_c0	1	1	1	1	1	1	1	1	1	1	1	1	1
rxn02176_c0	1	1	1	1	1	1	1	1	1	1	1	1	1
rxn02181_c0	1	1	1	1	1	1	1	1	1	1	1	1	1
rxn02185_c0	1	1	1	1	1	1	1	1	1	1	1	1	0
rxn02186_c0	1	1	1	1	1	1	1	1	1	1	1	1	1
rxn02190_c0	1	1	1	1	1	1	1	1	0	0	1	1	0
rxn02200_c0	0	0	0	0	0	0	0	0	0	0	0	1	0
rxn02202_c0	1	1	1	1	1	1	1	1	1	1	1	1	0
rxn02209_c0	1	1	1	1	1	1	1	1	1	1	1	1	1
rxn02212_c0	1	1	1	1	1	1	1	1	1	0	1	1	0
rxn02213_c0	1	1	1	1	1	0	1	1	1	0	1	1	0
rxn02222_c0	0	0	0	0	0	0	1	0	0	0	0	0	0
rxn02228_c0	1	0	0	1	1	0	1	0	1	1	0	1	0
rxn02235_c0	1	1	1	1	1	1	1	1	1	1	1	1	1
rxn02246_c0	1	1	1	1	1	1	1	1	1	1	1	1	0
rxn02260_c0	1	1	1	1	1	1	1	1	1	1	1	1	1
rxn02261_c0	1	1	1	1	1	1	1	1	1	1	1	1	1
rxn02264_c0	1	1	1	1	1	1	1	1	1	1	1	1	1
rxn02267_c0	1	1	1	1	1	1	1	1	1	1	1	1	1
rxn02268_c0	1	1	1	1	1	1	1	1	1	1	1	1	1
rxn02269_c0	1	1	1	1	1	1	1	1	1	1	1	1	1
rxn02271_c0	0	0	0	1	0	0	0	0	0	0	0	0	0
rxn02274_c0	1	1	1	1	1	1	1	1	1	1	1	1	0
rxn02275_c0	0	0	0	0	0	0	1	0	0	0	0	0	0
rxn02284_c0	1	1	1	1	1	1	1	1	1	1	1	1	1
rxn02285_c0	1	1	1	1	1	1	1	1	1	1	1	1	0
rxn02286_c0	1	1	1	1	1	1	1	1	1	1	1	1	1
rxn02287_c0	1	1	1	1	1	1	1	1	1	1	1	1	1
rxn02288_c0	1	1	1	1	1	1	1	1	1	1	1	1	1
rxn02302_c0	1	1	1	1	1	1	1	1	1	1	1	1	1
rxn02314_c0	1	1	1	1	1	1	1	1	1	1	1	1	1
rxn02315_c0	1	1	1	1	1	1	1	1	1	1	1	1	1
rxn02316_c0	1	1	1	1	1	1	1	1	1	1	1	1	1
rxn02317_c0	1	1	1	1	1	1	1	1	1	1	1	1	1
rxn02320_c0	1	1	1	1	1	1	1	1	1	1	1	1	1
rxn02324_c0	1	1	1	1	1	1	1	1	1	1	1	1	1
rxn02341_c0	1	1	1	1	1	1	1	1	1	1	1	1	1
rxn02342_c0	1	1	1	1	1	1	1	1	1	1	1	1	0
rxn02344_c0	1	1	1	1	1	1	1	1	1	0	1	1	0
rxn02350_c0	1	1	1	1	1	1	1	1	1	0	1	1	0
rxn02356_c0	1	1	1	0	1	1	1	1	1	0	1	1	0
rxn02358_c0	1	1	1	0	1	1	1	1	1	0	1	1	0
rxn02363_c0	1	1	1	1	1	1	1	1	1	1	1	1	1
rxn02364_c0	1	1	1	1	1	1	1	1	1	0	1	1	0
rxn02373_c0	1	1	1	1	1	1	1	1	1	0	1	1	0
rxn02374_c0	1	1	1	0	1	1	1	1	1	0	1	1	0
rxn02375_c0	1	1	1	1	1	1	1	1	1	0	1	1	0
rxn02379_c0	1	1	1	1	1	1	1	1	1	1	1	1	1
rxn02380_c0	1	1	1	1	1	1	1	1	1	1	1	1	1
rxn02402_c0	0	1	1	1	1	1	0	1	1	1	1	0	1
rxn02403_c0	1	1	1	1	1	1	1	1	1	1	1	1	1
rxn02406_c0	1	1	1	1	1	1	1	1	1	1	1	1	1
rxn02424_c0	0	0	0	1	0	1	0	1	0	0	1	0	0
rxn02429_c0	1	1	1	1	1	1	1	1	1	1	1	1	1
rxn02449_c0	1	1	1	1	1	1	1	1	1	0	1	1	1
rxn02465_c0	1	1	1	1	1	1	1	1	1	1	1	1	0
rxn02473_c0	1	1	1	1	1	1	1	1	1	1	1	1	1
rxn02476_c0	1	1	1	1	1	1	1	1	1	0	1	1	0
rxn02495_c0	0	0	0	0	0	0	1	0	0	0	0	0	0
rxn02504_c0	0	0	0	0	0	0	0	0	0	0	0	1	0
rxn02516_c0	1	1	1	1	1	1	1	1	1	1	1	1	0
rxn02517_c0	1	1	1	1	1	1	1	1	1	1	1	1	1
rxn02518_c0	1	1	1	1	1	1	1	1	1	1	1	1	1
rxn02569_c0	1	1	1	1	1	1	1	1	1	0	1	1	0
rxn02571_c0	1	1	1	1	1	1	1	1	1	1	1	1	0
rxn02596_c0	1	1	1	1	1	1	1	1	1	1	0	1	1
rxn02639_c0	1	1	1	1	1	1	1	1	1	1	1	1	1
rxn02663_c0	1	0	0	1	1	1	1	1	1	0	0	0	0
rxn02667_c0	1	1	1	1	1	1	1	1	1	1	1	1	1
rxn02678_c0	1	0	0	0	0	0	0	0	0	0	0	1	0
rxn02680_c0	1	1	1	1	1	1	1	1	1	1	1	1	1
rxn02719_c0	0	0	0	0	0	0	0	0	0	0	0	1	0
rxn02729_c0	1	1	1	1	1	1	1	1	1	0	1	1	0
rxn02733_c0	1	1	1	1	1	1	1	1	1	0	1	1	0
rxn02749_c0	1	1	1	1	1	1	1	1	1	0	1	1	0
rxn02772_c0	0	0	0	1	0	0	1	0	0	0	0	0	0
rxn02774_c0	1	1	1	1	1	1	1	1	1	0	1	1	0
rxn02789_c0	1	1	1	1	1	1	1	1	1	1	1	1	0
rxn02795_c0	1	1	1	1	1	1	1	1	1	0	1	1	1
rxn02796_c0	1	0	0	0	0	0	0	0	0	0	0	0	0
rxn02802_c0	0	0	0	0	0	0	0	0	0	0	0	1	0
rxn02804_c0	1	1	1	1	1	1	1	1	1	1	1	1	1
rxn02808_c0	1	1	1	1	1	1	1	1	1	1	1	1	1
rxn02809_c0	1	1	1	1	1	1	1	1	1	1	1	1	1
rxn02811_c0	1	1	1	1	1	1	1	1	1	1	1	1	0
rxn02812_c0	1	1	1	1	1	1	1	1	1	1	1	1	1
rxn02822_c0	1	1	1	1	1	1	1	1	1	1	0	1	1
rxn02826_c0	1	1	1	1	1	1	1	1	1	1	1	1	0
rxn02834_c0	1	1	1	1	1	1	1	1	1	0	1	1	0
rxn02835_c0	1	1	1	1	1	1	1	1	1	0	1	1	0
rxn02842_c0	1	1	1	1	1	1	1	1	1	1	1	1	1
rxn02853_c0	1	1	1	1	1	1	1	1	1	0	1	1	0
rxn02866_c0	1	1	1	1	1	1	1	1	1	1	1	1	1
rxn02867_c0	0	0	0	1	0	0	0	0	0	0	0	0	0
rxn02875_c0	0	0	0	0	0	0	1	0	0	0	0	0	0
rxn02888_c0	1	1	1	1	1	1	1	1	1	1	1	1	1
rxn02889_c0	1	1	1	1	1	1	1	1	1	1	1	1	1
rxn02890_c0	1	1	1	1	1	1	1	1	1	0	1	1	0
rxn02895_c0	1	1	1	1	1	1	1	1	1	1	1	1	1
rxn02897_c0	1	1	1	1	1	1	1	1	1	1	1	1	1
rxn02911_c0	1	1	1	1	1	1	1	1	1	1	1	1	1
rxn02914_c0	1	1	1	1	1	1	1	1	1	1	1	1	1
rxn02922_c0	0	0	0	0	0	0	1	0	0	0	0	0	0
rxn02926_c0	0	1	1	1	1	1	0	1	0	0	1	1	0
rxn02928_c0	1	1	1	1	1	1	1	1	1	1	1	1	1
rxn02929_c0	1	1	1	1	1	1	1	1	1	1	1	1	0
rxn02930_c0	1	1	1	1	1	1	1	1	1	1	1	1	1
rxn02931_c0	1	1	1	1	1	1	1	1	1	1	1	1	1
rxn02933_c0	1	1	1	1	1	1	1	1	1	1	1	1	1
rxn02934_c0	1	1	1	1	1	1	1	1	1	1	1	1	1
rxn02936_c0	1	1	1	1	1	1	1	1	1	1	1	1	1
rxn02937_c0	1	1	1	1	1	1	1	1	1	1	1	1	1
rxn02944_c0	1	1	1	1	1	1	0	1	1	0	1	1	0
rxn02949_c0	1	1	1	1	1	1	1	1	1	1	1	1	1
rxn02990_c0	1	1	1	1	1	1	1	1	1	0	1	1	0
rxn02992_c0	1	1	1	1	1	1	1	1	1	1	1	1	1
rxn02993_c0	1	1	1	1	1	1	1	1	1	1	1	1	0
rxn02996_c0	1	1	1	1	1	1	1	1	1	1	1	1	1
rxn03004_c0	1	1	1	1	1	1	1	1	1	1	1	1	1
rxn03047_c0	1	1	1	1	1	1	1	1	1	0	1	1	0
rxn03052_c0	1	1	1	1	1	1	1	1	1	1	1	1	1
rxn03057_c0	1	1	1	1	1	1	1	1	1	0	1	1	0
rxn03062_c0	1	1	1	1	1	1	1	1	1	1	1	1	1
rxn03068_c0	1	1	1	1	1	1	1	1	1	1	1	1	1
rxn03084_c0	1	1	1	1	1	1	1	1	1	1	1	1	1
rxn03087_c0	1	1	1	1	1	1	1	1	1	1	1	1	1
rxn03094_c0	1	0	0	0	0	0	0	0	1	0	1	0	0
rxn03095_c0	1	0	0	0	0	0	0	0	1	0	1	0	0
rxn03106_c0	1	1	1	1	1	1	1	1	1	0	1	1	0
rxn03135_c0	1	1	1	1	1	1	1	1	1	1	1	1	1
rxn03136_c0	1	1	1	1	1	1	1	1	1	1	1	1	1
rxn03137_c0	1	1	1	1	1	1	1	1	1	1	1	1	1
rxn03140_c0	1	1	1	1	1	1	1	1	1	1	1	1	1
rxn03147_c0	1	1	1	1	1	1	1	1	1	1	1	1	1
rxn03150_c0	1	1	1	1	1	1	1	1	1	1	1	1	1
rxn03164_c0	1	1	1	1	1	1	1	1	1	1	1	1	1
rxn03167_c0	1	1	1	1	1	1	1	1	1	1	1	1	1
rxn03175_c0	1	1	1	1	1	1	1	1	1	1	1	1	1
rxn03194_c0	1	1	1	1	1	1	1	1	1	1	1	1	0
rxn03195_c0	1	1	1	1	1	1	1	1	1	1	1	1	0
rxn03204_c0	1	1	1	1	1	1	1	1	1	1	1	1	1
rxn03205_c0	1	1	1	1	1	1	1	1	1	1	1	1	1
rxn03239_c0	1	1	1	1	1	1	1	1	1	1	1	1	1
rxn03240_c0	1	1	1	1	1	1	1	1	1	1	1	1	1
rxn03241_c0	1	1	1	1	1	1	1	1	1	1	1	1	1
rxn03242_c0	1	1	1	1	1	1	1	1	1	1	1	1	1
rxn03243_c0	1	1	1	1	1	1	1	1	1	1	1	1	1
rxn03244_c0	1	1	1	1	1	1	1	1	1	1	1	1	1
rxn03245_c0	1	1	1	1	1	1	1	1	1	1	1	1	1
rxn03246_c0	1	1	1	1	1	1	1	1	1	1	1	1	1
rxn03247_c0	1	1	1	1	1	1	1	1	1	1	1	1	1
rxn03248_c0	1	1	1	1	1	1	1	1	1	1	1	1	1
rxn03249_c0	1	1	1	1	1	1	1	1	1	1	1	1	1
rxn03250_c0	1	1	1	1	1	1	1	1	1	1	1	1	1
rxn03251_c0	1	1	1	1	1	1	1	1	1	1	1	1	1
rxn03252_c0	0	0	0	0	0	0	0	0	0	0	0	1	0
rxn03263_c0	1	1	1	1	1	1	1	1	1	1	1	1	1
rxn03264_c0	1	1	1	1	1	1	1	1	1	1	1	1	1
rxn03272_c0	1	0	0	1	1	0	1	1	1	1	0	0	0
rxn03275_c0	1	0	0	1	1	1	1	1	1	0	0	0	0
rxn03282_c0	1	1	1	1	1	1	1	1	1	1	1	1	1
rxn03287_c0	1	1	1	1	1	1	1	1	1	1	1	1	1
rxn03288_c0	1	1	1	1	1	1	1	1	1	1	1	1	1
rxn03289_c0	1	1	1	1	1	1	1	1	1	1	1	1	1
rxn03333_c0	1	1	1	1	1	1	1	1	1	1	1	1	1
rxn03335_c0	1	1	1	1	1	1	1	1	1	0	1	1	0
rxn03342_c0	1	1	1	1	1	1	1	1	1	1	1	1	0
rxn03343_c0	1	1	1	1	1	1	1	1	1	0	1	1	0
rxn03345_c0	1	1	1	1	1	1	1	1	1	1	1	1	0
rxn03346_c0	1	1	1	1	1	1	1	1	1	1	1	1	0
rxn03354_c0	1	1	1	1	1	1	1	1	1	0	1	1	0
rxn03358_c0	1	1	1	1	1	1	1	1	1	1	1	1	0
rxn03359_c0	1	1	1	1	1	1	1	1	1	1	1	1	0
rxn03374_c0	1	1	1	1	1	1	1	1	1	1	1	1	1
rxn03378_c0	1	1	1	1	1	1	1	1	1	1	1	1	1
rxn03379_c0	1	1	1	1	1	1	1	1	1	1	1	1	1
rxn03380_c0	1	1	1	1	1	1	1	1	1	1	1	1	0
rxn03382_c0	1	1	1	1	1	1	1	1	1	1	1	1	1
rxn03383_c0	1	1	1	1	1	1	1	1	1	1	1	1	1
rxn03408_c0	1	1	1	1	1	1	1	1	1	1	1	1	1
rxn03423_c0	1	1	1	1	1	1	1	1	1	0	1	1	0
rxn03433_c0	1	1	1	1	1	1	1	1	1	1	1	1	1
rxn03435_c0	1	1	1	1	1	1	1	1	1	1	1	1	1
rxn03436_c0	1	1	1	1	1	1	1	1	1	1	1	1	1
rxn03437_c0	1	1	1	1	1	1	1	1	1	1	1	1	1
rxn03445_c0	1	1	1	1	1	1	1	1	1	1	1	1	1
rxn03446_c0	1	1	1	1	1	1	1	1	1	1	1	1	1
rxn03504_c0	1	1	1	1	1	1	1	1	1	0	1	1	1
rxn03512_c0	1	1	1	1	1	1	1	1	1	0	1	1	0
rxn03514_c0	1	1	1	1	1	0	1	1	1	1	1	1	0
rxn03535_c0	1	1	1	1	1	1	1	1	1	1	1	0	0
rxn03536_c0	1	0	1	0	0	0	1	0	0	1	1	0	0
rxn03537_c0	1	1	1	1	1	1	1	1	1	1	1	1	1
rxn03538_c0	1	1	1	1	1	1	1	1	1	1	1	1	1
rxn03540_c0	1	1	1	1	1	1	1	1	1	1	1	1	0
rxn03541_c0	0	0	0	0	0	0	0	0	0	1	0	0	0
rxn03542_c0	1	1	1	0	1	1	1	1	1	0	1	1	0
rxn03546_c0	1	1	1	1	1	1	1	1	1	1	1	1	1
rxn03598_c0	1	1	1	1	1	1	1	1	1	0	1	1	0
rxn03601_c0	1	1	1	1	1	1	1	1	1	0	1	1	0
rxn03609_c0	1	0	0	1	1	0	1	1	1	1	0	0	0
rxn03610_c0	1	0	0	1	1	0	1	1	1	1	0	0	0
rxn03619_c0	1	1	1	1	1	1	1	1	1	1	1	1	1
rxn03636_c0	1	1	1	1	1	1	1	1	1	1	1	1	1
rxn03638_c0	1	1	1	1	1	1	1	1	1	0	1	1	1
rxn03642_c0	1	1	1	1	1	1	1	1	1	1	1	1	1
rxn03658_c0	1	1	1	1	1	1	1	1	1	1	1	1	1
rxn03674_c0	1	1	1	1	1	1	1	1	1	0	1	1	0
rxn03675_c0	1	0	0	1	1	0	1	1	1	1	0	0	0
rxn03762_c0	1	1	1	1	1	1	1	1	1	0	1	1	0
rxn03796_c0	1	1	1	1	1	1	1	1	1	1	1	1	1
rxn03798_c0	1	1	1	1	1	1	1	1	1	1	1	1	1
rxn03838_c0	1	1	1	1	1	1	1	1	1	1	0	1	1
rxn03839_c0	0	0	0	0	0	0	1	0	0	0	0	0	0
rxn03843_c0	1	1	1	0	1	1	1	1	1	1	1	0	0
rxn03845_c0	1	1	1	1	1	1	1	1	1	0	1	1	0
rxn03846_c0	1	1	1	1	1	1	1	1	1	0	1	1	0
rxn03852_c0	1	1	1	1	1	1	1	1	1	1	1	1	1
rxn03860_c0	1	1	1	1	1	1	1	1	1	1	1	1	1
rxn03861_c0	1	1	1	1	1	1	1	1	1	1	1	1	1
rxn03869_c0	0	0	0	0	0	0	1	0	0	0	0	0	0
rxn03874_c0	1	1	1	1	1	1	1	1	1	1	1	1	1
rxn03877_c0	1	1	1	1	1	1	1	1	1	1	1	1	1
rxn03884_c0	1	1	1	1	1	1	1	1	1	1	0	0	0
rxn03885_c0	1	1	1	1	1	1	1	1	1	1	1	1	1
rxn03887_c0	1	1	1	1	1	1	1	1	1	1	1	1	0
rxn03901_c0	1	1	1	1	1	1	1	1	1	1	1	1	1
rxn03903_c0	1	1	1	1	1	1	1	1	1	1	1	1	1
rxn03904_c0	1	1	1	1	1	1	1	1	1	1	1	1	1
rxn03907_c0	1	1	1	1	1	1	1	1	1	1	1	1	1
rxn03908_c0	1	1	1	1	1	1	1	1	1	1	1	1	1
rxn03909_c0	1	1	1	1	1	1	1	1	1	1	1	1	1
rxn03910_c0	1	1	1	1	1	1	1	1	1	1	1	1	1
rxn03923_c0	1	1	1	1	1	1	1	1	1	0	1	1	0
rxn03933_c0	1	1	1	1	1	1	1	1	1	1	1	1	1
rxn03934_c0	1	1	1	1	1	1	1	1	1	0	1	1	0
rxn03935_c0	1	1	1	1	1	1	1	1	1	0	1	1	0
rxn03951_c0	0	0	0	0	0	0	1	0	0	0	0	0	0
rxn03953_c0	0	0	0	0	0	0	1	0	0	0	0	0	0
rxn03955_c0	1	1	1	1	1	1	1	1	1	1	1	1	1
rxn03958_c0	1	1	1	1	1	1	1	1	1	1	1	1	1
rxn03974_c0	0	0	0	0	0	0	0	0	0	0	1	0	0
rxn03975_c0	0	0	0	0	0	0	0	0	0	0	1	0	0
rxn03981_c0	1	1	1	1	1	1	1	1	1	1	1	1	1
rxn03982_c0	1	1	1	1	1	1	1	1	1	1	1	1	1
rxn04020_c0	0	0	0	0	0	0	1	0	0	0	0	0	0
rxn04045_c0	1	1	1	1	1	1	1	1	1	0	1	1	1
rxn04048_c0	1	1	1	1	1	0	1	1	1	1	1	1	0
rxn04052_c0	1	1	1	1	1	1	1	1	1	0	1	1	0
rxn04068_c0	1	1	1	1	1	1	1	1	1	0	1	1	1
rxn04095_c0	1	0	0	1	1	0	1	1	1	1	0	0	0
rxn04113_c0	1	1	1	1	1	1	1	1	1	1	1	1	1
rxn04142_c0	1	1	1	1	1	1	1	1	1	1	1	1	1
rxn04234_c0	1	1	1	1	1	1	1	1	1	0	1	1	0
rxn04274_c0	1	1	1	1	1	1	1	1	1	1	1	1	1
rxn04275_c0	1	1	1	1	1	1	1	1	1	1	1	1	1
rxn04308_c0	1	1	1	1	1	1	1	1	1	1	1	1	1
rxn04384_c0	1	1	1	1	1	1	1	1	1	0	1	1	0
rxn04385_c0	1	1	1	0	1	1	1	1	1	0	1	0	0
rxn04411_c0	1	1	1	1	1	1	1	1	1	1	1	1	1
rxn04413_c0	0	1	0	1	1	1	0	1	1	0	0	1	1
rxn04675_c0	1	1	1	1	1	1	1	1	1	0	1	1	0
rxn04704_c0	1	1	1	1	1	1	1	1	1	1	1	1	1
rxn04726_c0	1	1	1	1	1	1	1	1	1	1	1	1	1
rxn04736_c0	1	1	1	1	1	1	1	1	1	1	1	1	1
rxn04750_c0	1	1	1	1	1	1	1	1	1	1	1	1	1
rxn04751_c0	1	1	1	1	1	1	1	1	1	1	1	1	1
rxn04776_c0	1	1	1	1	1	1	1	1	1	0	1	1	0
rxn04908_c0	1	1	1	1	1	1	1	1	1	1	1	1	1
rxn04943_c0	0	0	0	1	0	0	1	1	1	1	0	0	0
rxn04954_c0	1	1	1	1	1	1	1	1	1	1	1	1	1
rxn04996_c0	1	1	1	1	1	1	1	1	1	1	1	1	1
rxn05005_c0	1	1	1	0	1	1	1	1	0	0	1	1	0
rxn05006_c0	1	1	1	0	1	1	1	1	0	0	1	1	0
rxn05025_c0	1	1	1	1	1	1	1	1	1	1	1	1	1
rxn05029_c0	1	1	1	1	1	1	1	1	1	1	1	1	1
rxn05036_c0	1	1	1	1	1	1	1	1	1	1	1	1	1
rxn05054_c0	1	1	1	1	1	1	1	1	1	0	1	1	0
rxn05061_c0	1	1	1	1	1	1	1	1	1	1	1	1	1
rxn05144_c0	1	1	1	1	1	1	1	1	1	1	1	1	1
rxn05145_c0	1	1	1	1	1	1	1	1	1	1	1	1	1
rxn05146_c0	1	1	1	1	1	1	1	1	1	1	1	1	1
rxn05147_c0	1	1	1	1	1	1	1	1	1	1	1	1	1
rxn05148_c0	1	1	1	1	1	1	1	1	1	1	1	1	1
rxn05149_c0	1	1	1	1	1	1	1	1	1	1	1	1	1
rxn05150_c0	1	1	1	1	1	1	1	1	1	1	1	1	1
rxn05151_c0	1	1	1	1	1	1	1	1	1	1	1	1	1
rxn05152_c0	1	1	1	1	1	1	1	1	1	1	1	1	1
rxn05153_c0	1	1	1	1	1	1	1	1	1	1	1	1	1
rxn05154_c0	1	1	1	1	1	1	1	1	1	1	1	1	1
rxn05155_c0	1	1	1	1	1	1	1	1	1	1	1	1	1
rxn05156_c0	1	1	1	1	1	1	1	1	1	1	1	1	1
rxn05159_c0	1	1	1	1	1	1	1	1	1	1	1	1	1
rxn05160_c0	1	1	1	1	1	1	1	1	1	1	1	1	1
rxn05161_c0	1	1	1	1	1	1	1	1	1	1	1	1	1
rxn05162_c0	1	1	1	1	1	1	1	1	1	1	1	1	1
rxn05163_c0	1	1	1	1	1	1	1	1	1	1	1	1	1
rxn05164_c0	1	1	1	1	1	1	1	1	1	1	1	1	1
rxn05165_c0	1	1	1	1	1	1	1	1	1	1	1	1	1
rxn05166_c0	1	1	1	1	1	1	1	1	1	1	1	1	1
rxn05167_c0	1	1	1	1	1	1	1	1	1	1	1	1	1
rxn05168_c0	1	1	1	1	1	1	1	1	1	1	1	1	1
rxn05169_c0	1	1	1	1	1	1	1	1	1	1	1	1	1
rxn05170_c0	1	1	1	1	1	1	1	1	1	1	1	1	1
rxn05171_c0	1	1	1	1	1	1	1	1	1	1	1	1	1
rxn05172_c0	1	1	1	1	1	1	1	1	1	1	1	1	1
rxn05173_c0	1	1	1	1	1	1	1	1	1	1	1	1	1
rxn05174_c0	1	1	1	1	1	1	1	1	1	1	1	1	1
rxn05175_c0	1	1	1	1	1	1	1	1	1	1	1	1	1
rxn05176_c0	1	1	1	1	1	1	1	1	1	1	1	1	1
rxn05177_c0	1	1	1	1	1	1	1	1	1	1	1	1	1
rxn05179_c0	1	1	1	1	1	1	1	1	1	1	1	1	1
rxn05181_c0	1	1	1	1	1	1	1	1	1	1	1	1	1
rxn05187_c0	1	1	1	1	1	1	1	1	1	1	1	1	1
rxn05195_c0	1	1	1	1	1	1	1	1	1	1	1	1	1
rxn05197_c0	1	1	1	1	1	1	1	1	1	1	1	1	1
rxn05198_c0	1	1	1	1	1	1	1	1	1	1	1	1	1
rxn05199_c0	1	0	1	1	0	1	1	0	1	0	1	1	1
rxn05202_c0	1	1	1	1	1	1	1	1	1	1	1	1	1
rxn05204_c0	1	1	1	1	1	1	1	1	1	1	1	1	1
rxn05207_c0	1	1	1	1	1	1	1	1	1	1	1	1	1
rxn05210_c0	1	1	1	1	1	1	1	1	1	1	1	1	1
rxn05211_c0	1	1	1	1	1	1	1	1	1	1	1	1	1
rxn05215_c0	1	1	1	1	1	1	1	1	1	1	1	1	1
rxn05216_c0	1	1	1	1	1	1	1	1	1	1	1	1	1
rxn05217_c0	1	1	1	1	1	1	1	1	1	1	1	1	1
rxn05219_c0	1	1	1	1	1	1	1	1	1	1	1	1	1
rxn05221_c0	1	0	0	0	0	0	0	1	0	0	1	1	0
rxn05223_c0	1	1	1	1	1	1	1	1	1	1	1	1	1
rxn05224_c0	1	1	1	1	1	1	1	1	1	1	1	1	1
rxn05226_c0	0	1	0	0	0	0	0	0	0	0	0	0	1
rxn05229_c0	1	1	1	1	1	1	1	1	1	1	1	1	0
rxn05231_c0	1	1	1	1	1	1	1	1	1	1	1	1	0
rxn05233_c0	1	1	1	1	1	1	1	1	1	1	1	1	0
rxn05237_c0	1	1	1	1	1	1	1	1	1	1	1	1	1
rxn05240_c0	0	1	1	0	1	0	1	1	1	0	0	1	0
rxn05241_c0	1	1	1	1	1	0	1	1	1	1	1	1	1
rxn05242_c0	1	1	1	1	1	1	1	1	1	1	1	1	0
rxn05243_c0	1	0	0	0	0	1	0	0	0	1	1	0	1
rxn05244_c0	1	1	1	1	1	1	1	1	1	1	1	1	0
rxn05251_c0	1	1	1	1	1	1	1	1	1	1	1	1	1
rxn05252_c0	1	1	1	1	1	1	1	1	1	1	1	1	1
rxn05275_c0	1	1	1	1	1	1	1	1	1	1	1	1	1
rxn05276_c0	1	1	1	1	1	1	1	1	1	1	1	1	1
rxn05289_c0	1	1	1	1	1	1	1	1	1	1	1	1	1
rxn05293_c0	1	1	1	1	1	1	1	1	1	1	1	1	1
rxn05297_c0	1	1	1	1	1	1	1	1	1	0	1	1	1
rxn05298_c0	1	1	1	1	1	1	1	1	1	1	1	1	1
rxn05299_c0	1	1	1	1	1	1	1	1	1	1	1	1	1
rxn05300_c0	0	0	1	0	1	0	0	0	1	1	1	1	0
rxn05301_c0	1	1	1	1	1	1	1	1	1	1	1	1	1
rxn05303_c0	1	1	1	1	1	1	1	1	1	1	1	1	1
rxn05305_c0	1	1	1	1	1	1	1	1	1	1	1	1	1
rxn05306_c0	1	0	1	1	1	1	0	1	1	1	1	1	1
rxn05307_c0	1	1	0	1	0	0	0	1	1	0	0	1	1
rxn05308_c0	1	1	1	1	1	0	1	0	1	1	1	1	0
rxn05312_c0	1	1	1	1	1	1	1	1	1	1	1	1	1
rxn05316_c0	1	1	1	1	1	1	0	1	1	1	1	1	1
rxn05318_c0	1	1	1	1	1	1	0	1	1	1	1	1	1
rxn05319_c0	1	1	1	1	1	1	1	1	1	1	1	1	1
rxn05321_c0	1	1	1	1	1	1	1	1	1	1	1	1	1
rxn05322_c0	1	1	1	1	1	1	1	1	1	1	1	1	1
rxn05323_c0	1	1	1	1	1	1	1	1	1	1	1	1	1
rxn05324_c0	1	1	1	1	1	1	1	1	1	1	1	1	1
rxn05325_c0	1	1	1	1	1	1	1	1	1	1	1	1	1
rxn05326_c0	1	1	1	1	1	1	1	1	1	1	1	1	1
rxn05327_c0	1	1	1	1	1	1	1	1	1	1	1	1	1
rxn05328_c0	1	1	1	1	1	1	1	1	1	1	1	1	1
rxn05330_c0	1	1	1	1	1	1	1	1	1	1	1	1	1
rxn05332_c0	1	1	1	1	1	1	1	1	1	1	1	1	1
rxn05333_c0	1	1	1	1	1	1	1	1	1	1	1	1	1
rxn05334_c0	1	1	1	1	1	1	1	1	1	1	1	1	1
rxn05335_c0	1	1	1	1	1	1	1	1	1	1	1	1	1
rxn05336_c0	1	1	1	1	1	1	1	1	1	1	1	1	1
rxn05337_c0	1	1	1	1	1	1	1	1	1	1	1	1	1
rxn05338_c0	1	1	1	1	1	1	1	1	1	1	1	1	1
rxn05339_c0	1	1	1	1	1	1	1	1	1	1	1	1	1
rxn05340_c0	1	1	1	1	1	1	1	1	1	1	1	1	1
rxn05341_c0	1	1	1	1	1	1	1	1	1	1	1	1	1
rxn05342_c0	1	1	1	1	1	1	1	1	1	1	1	1	1
rxn05343_c0	1	1	1	1	1	1	1	1	1	1	1	1	1
rxn05344_c0	1	1	1	1	1	1	1	1	1	1	1	1	1
rxn05345_c0	1	1	1	1	1	1	1	1	1	1	1	1	1
rxn05346_c0	1	1	1	1	1	1	1	1	1	1	1	1	1
rxn05347_c0	1	1	1	1	1	1	1	1	1	1	1	1	1
rxn05348_c0	1	1	1	1	1	1	1	1	1	1	1	1	1
rxn05349_c0	1	1	1	1	1	1	1	1	1	1	1	1	1
rxn05350_c0	1	1	1	1	1	1	1	1	1	1	1	1	1
rxn05351_c0	1	1	1	1	1	1	1	1	1	1	1	1	1
rxn05352_c0	1	1	1	1	1	1	1	1	1	1	1	1	1
rxn05354_c0	1	1	1	1	1	1	1	1	1	1	1	1	1
rxn05355_c0	1	1	1	1	1	1	1	1	1	1	1	1	1
rxn05356_c0	1	1	1	1	1	1	1	1	1	1	1	1	1
rxn05357_c0	1	1	1	1	1	1	1	1	1	1	1	1	1
rxn05465_c0	1	1	1	1	1	1	1	1	1	1	1	1	1
rxn05466_c0	1	1	1	1	1	1	1	1	1	1	1	1	1
rxn05467_c0	1	1	1	1	1	1	1	1	1	1	1	1	1
rxn05468_c0	1	1	1	1	1	1	1	1	1	1	1	1	1
rxn05469_c0	1	1	1	1	1	1	1	1	1	1	1	1	1
rxn05481_c0	1	1	1	1	1	1	1	1	1	1	1	1	1
rxn05485_c0	0	1	0	0	0	0	0	0	0	0	0	0	0
rxn05488_c0	1	1	1	1	1	1	1	1	1	1	1	1	1
rxn05493_c0	0	0	1	0	0	1	0	0	0	0	0	0	0
rxn05496_c0	1	1	1	1	1	1	1	1	1	1	1	1	1
rxn05508_c0	1	1	1	1	1	1	1	1	1	1	1	1	1
rxn05513_c0	1	1	1	1	1	1	1	1	1	1	1	1	1
rxn05514_c0	1	1	1	0	1	1	1	1	1	1	1	0	0
rxn05516_c0	1	1	1	1	1	1	1	1	1	1	1	1	1
rxn05519_c0	0	0	0	0	0	1	1	0	0	1	0	0	1
rxn05527_c0	1	1	1	1	1	1	1	1	1	0	1	1	1
rxn05528_c0	1	1	1	1	1	1	1	1	1	1	1	1	1
rxn05555_c0	1	1	1	1	1	1	1	1	1	1	1	1	1
rxn05559_c0	1	1	1	1	1	1	1	1	1	1	1	1	1
rxn05560_c0	0	1	0	0	0	0	1	0	0	0	0	0	0
rxn05561_c0	1	1	1	1	1	1	1	1	1	1	1	1	1
rxn05564_c0	1	1	1	1	1	1	1	1	1	1	1	1	1
rxn05566_c0	1	0	0	0	0	0	0	0	0	0	0	0	0
rxn05569_c0	0	1	0	0	0	0	1	0	0	0	0	0	0
rxn05571_c0	1	1	1	1	1	1	1	1	1	1	1	1	1
rxn05582_c0	1	1	1	1	1	1	1	1	1	1	1	1	1
rxn05593_c0	1	1	1	1	1	1	1	1	1	1	1	1	1
rxn05595_c0	1	1	1	1	1	1	1	1	1	1	1	1	1
rxn05598_c0	1	1	1	1	1	1	1	1	1	1	1	1	1
rxn05602_c0	0	1	0	0	0	0	0	0	0	0	0	0	0
rxn05605_c0	1	1	1	1	1	1	1	1	1	1	1	1	1
rxn05608_c0	1	1	1	1	1	1	1	1	1	1	1	1	1
rxn05610_c0	0	1	0	0	0	0	1	0	0	0	0	0	0
rxn05612_c0	1	0	0	0	0	0	0	0	0	0	0	0	0
rxn05618_c0	1	1	1	0	1	1	1	1	1	1	1	0	1
rxn05619_c0	1	1	1	1	1	1	1	1	1	1	1	1	1
rxn05622_c0	1	1	1	1	1	1	1	1	1	1	1	1	1
rxn05628_c0	1	1	1	1	1	1	1	1	1	1	1	1	1
rxn05634_c0	1	1	1	1	1	1	1	1	1	1	1	1	1
rxn05635_c0	1	1	1	1	1	1	1	1	1	1	1	1	0
rxn05638_c0	0	1	1	0	1	1	1	0	1	0	0	0	0
rxn05641_c0	1	1	1	1	1	1	1	1	1	1	1	1	1
rxn05644_c0	1	1	1	1	1	1	1	1	1	1	1	1	1
rxn05646_c0	1	1	1	1	1	1	1	1	1	1	1	1	1
rxn05651_c0	0	1	1	0	0	1	0	0	0	0	1	0	0
rxn05652_c0	0	0	0	0	0	0	1	0	0	0	0	0	0
rxn05654_c0	1	1	1	1	1	1	1	1	1	1	1	1	1
rxn05655_c0	0	0	0	0	0	0	1	0	0	0	0	0	0
rxn05663_c0	1	1	1	1	1	1	1	1	1	1	1	1	1
rxn05667_c0	1	1	1	1	1	1	1	1	1	1	1	1	1
rxn05669_c0	1	1	1	1	1	0	1	1	1	1	1	1	0
rxn05680_c0	1	1	1	1	1	1	1	1	1	1	1	1	1
rxn05681_c0	0	0	0	0	0	0	1	0	0	0	0	0	0
rxn05682_c0	1	1	1	1	1	1	1	1	1	0	1	1	1
rxn05683_c0	1	1	1	1	1	1	1	1	1	1	1	1	1
rxn05685_c0	0	1	0	0	0	0	0	0	0	0	0	0	0
rxn05687_c0	1	1	1	1	1	1	1	1	1	1	1	1	1
rxn05691_c0	1	1	1	1	1	1	1	1	1	1	1	1	1
rxn05732_c0	1	1	1	1	1	1	1	1	1	1	1	0	1
rxn05733_c0	1	1	1	1	1	1	1	1	1	1	1	1	1
rxn05746_c0	1	1	1	1	1	1	1	1	1	1	1	1	1
rxn05760_c0	1	1	1	1	1	1	1	1	1	0	1	1	0
rxn05763_c0	1	1	1	1	1	1	1	1	1	1	1	1	1
rxn05831_c0	1	1	1	1	1	1	1	1	1	1	1	1	1
rxn05833_c0	1	1	1	1	1	1	1	1	1	1	1	1	1
rxn05909_c0	1	1	1	1	1	1	1	1	1	1	1	1	0
rxn05910_c0	1	1	1	1	1	1	1	1	1	1	1	1	1
rxn05938_c0	1	1	1	1	1	1	1	1	1	1	1	1	0
rxn05939_c0	0	0	0	0	0	0	0	0	0	0	0	0	1
rxn05940_c0	1	1	1	1	1	1	1	1	1	1	1	1	0
rxn05957_c0	1	1	1	1	1	1	1	1	1	1	1	1	1
rxn05968_c0	1	1	1	0	1	1	1	1	1	0	1	1	0
rxn05971_c0	1	1	1	1	1	1	1	1	1	1	1	1	1
rxn05994_c0	1	1	1	1	1	1	1	1	1	0	1	1	0
rxn06023_c0	1	1	1	1	1	1	1	1	1	1	1	1	1
rxn06037_c0	1	1	1	1	1	1	1	1	1	1	1	1	1
rxn06075_c0	1	1	1	1	1	1	1	1	1	1	1	1	0
rxn06076_c0	1	1	1	1	1	1	1	1	1	1	1	1	0
rxn06096_c0	1	1	1	1	1	1	1	1	1	1	1	1	1
rxn06106_c0	1	1	1	1	1	1	1	1	1	1	1	1	1
rxn06208_c0	1	1	1	1	1	1	1	1	1	1	1	1	1
rxn06216_c0	1	1	1	1	1	1	1	1	1	1	1	1	1
rxn06256_c0	1	1	1	1	1	1	1	1	1	1	1	1	0
rxn06280_c0	1	1	1	1	1	1	1	1	1	1	1	1	1
rxn06282_c0	1	1	1	1	1	1	1	1	1	1	1	1	1
rxn06300_c0	1	1	1	1	1	1	1	1	1	1	1	1	1
rxn06335_c0	0	0	0	1	0	0	0	0	0	0	0	0	0
rxn06347_c0	1	1	1	1	1	1	1	1	1	1	1	1	1
rxn06377_c0	1	1	1	0	1	1	1	1	1	0	1	1	0
rxn06379_c0	1	1	1	0	1	1	1	1	1	0	1	1	0
rxn06404_c0	1	1	1	1	1	1	1	1	1	1	1	1	1
rxn06432_c0	1	1	1	1	1	1	1	1	1	1	1	1	1
rxn06433_c0	1	1	1	1	1	1	1	1	1	1	1	1	1
rxn06434_c0	1	1	1	1	1	1	1	1	1	1	1	1	1
rxn06435_c0	1	1	1	1	1	1	1	1	1	1	1	1	1
rxn06437_c0	1	1	1	1	1	1	1	1	1	1	1	1	1
rxn06438_c0	1	1	1	1	1	1	1	1	1	1	1	1	1
rxn06439_c0	1	1	1	1	1	1	1	1	1	1	1	1	1
rxn06440_c0	1	1	1	1	1	1	1	1	1	1	1	1	1
rxn06441_c0	1	1	1	1	1	1	1	1	1	1	1	1	1
rxn06443_c0	1	1	1	1	1	1	1	1	1	1	1	1	1
rxn06444_c0	1	1	1	1	1	1	1	1	1	1	1	1	1
rxn06445_c0	1	1	1	1	1	1	1	1	1	1	1	1	1
rxn06446_c0	1	1	1	1	1	1	1	1	1	1	1	1	1
rxn06447_c0	1	1	1	1	1	1	1	1	1	1	1	1	1
rxn06448_c0	1	1	1	1	1	1	1	1	1	1	1	1	1
rxn06449_c0	1	1	1	1	1	1	1	1	1	1	1	1	1
rxn06485_c0	1	1	1	1	1	1	1	1	1	1	1	1	1
rxn06493_c0	1	1	1	1	1	1	1	1	1	1	1	1	1
rxn06510_c0	1	1	1	1	1	1	1	1	1	1	1	1	1
rxn06522_c0	0	0	0	0	0	0	1	0	0	0	0	0	0
rxn06527_c0	1	1	1	1	1	1	1	1	1	1	1	1	0
rxn06556_c0	1	1	1	1	1	1	1	1	1	1	1	1	1
rxn06586_c0	0	0	0	1	0	0	0	0	0	0	0	0	0
rxn06591_c0	1	1	1	1	1	1	1	1	1	0	1	1	0
rxn06600_c0	1	1	1	1	1	1	1	1	1	0	1	1	0
rxn06630_c0	1	1	1	1	1	1	1	1	1	1	1	1	1
rxn06641_c0	1	1	1	1	1	1	1	1	1	1	1	1	0
rxn06652_c0	1	1	1	1	1	1	1	1	1	1	1	1	1
rxn06672_c0	1	1	1	1	1	1	1	1	1	1	1	1	0
rxn06673_c0	1	1	1	1	1	1	1	1	1	1	1	1	1
rxn06701_c0	1	1	1	1	1	1	1	1	1	1	0	1	1
rxn06737_c0	0	0	0	0	0	0	1	0	0	0	0	0	0
rxn06777_c0	1	1	1	1	1	1	1	1	1	1	1	1	1
rxn06812_c0	1	1	1	1	1	1	1	1	1	1	1	1	1
rxn06820_c0	1	1	1	1	1	1	1	1	1	1	1	1	1
rxn06887_c0	1	1	1	0	1	1	1	1	1	0	1	0	0
rxn06933_c0	1	1	1	1	1	1	1	1	1	0	1	1	0
rxn06936_c0	1	1	1	1	1	1	1	1	1	1	1	1	1
rxn06937_c0	1	1	1	1	1	1	1	1	1	1	1	1	1
rxn06979_c0	1	1	1	0	1	1	1	1	1	0	1	0	0
rxn06991_c0	1	1	1	1	1	1	1	1	1	1	1	1	0
rxn07177_c0	1	1	1	1	1	1	1	1	1	0	1	1	0
rxn07200_c0	1	1	1	1	1	1	1	1	1	1	1	1	1
rxn07266_c0	1	1	1	1	1	1	1	1	1	1	1	1	1
rxn07456_c0	1	1	1	1	1	1	1	1	1	1	1	0	1
rxn07466_c0	1	1	1	0	1	0	1	1	1	1	1	1	0
rxn07481_c0	1	1	1	1	1	1	1	1	1	0	1	1	0
rxn07482_c0	1	1	1	1	1	1	1	1	1	0	1	1	0
rxn07579_c0	1	1	1	1	1	1	1	1	1	0	1	1	0
rxn07584_c0	1	1	1	1	1	1	1	1	1	1	1	1	1
rxn07585_c0	1	1	1	1	1	1	1	1	1	1	1	1	1
rxn07587_c0	1	1	1	0	1	0	1	1	1	0	1	0	0
rxn07622_c0	1	1	1	1	1	1	1	1	1	1	1	1	1
rxn07623_c0	1	1	1	1	1	1	1	1	1	1	1	1	1
rxn07624_c0	1	1	1	1	1	1	1	1	1	1	1	1	1
rxn07679_c0	1	1	1	1	1	1	1	1	1	1	1	1	1
rxn07680_c0	1	1	1	1	1	1	1	1	1	1	1	1	1
rxn07681_c0	1	1	1	1	1	1	1	1	1	1	1	1	1
rxn07683_c0	1	1	1	1	1	1	1	1	1	1	1	1	1
rxn07684_c0	1	1	1	1	1	1	1	1	1	1	1	1	1
rxn07685_c0	1	1	1	1	1	1	1	1	1	1	1	1	1
rxn07687_c0	1	1	1	1	1	1	1	1	1	1	1	1	1
rxn07688_c0	1	1	1	1	1	1	1	1	1	1	1	1	1
rxn07689_c0	1	1	1	1	1	1	1	1	1	1	1	1	1
rxn07726_c0	1	1	1	1	1	1	1	1	1	1	1	1	1
rxn07727_c0	1	1	1	1	1	1	1	1	1	1	1	1	1
rxn07742_c0	1	1	1	1	1	1	1	1	1	1	1	1	1
rxn07743_c0	1	1	1	1	1	1	1	1	1	1	1	1	1
rxn07780_c0	1	1	1	1	1	1	1	1	1	1	1	1	1
rxn07785_c0	1	1	1	1	1	1	1	1	1	1	1	1	1
rxn07845_c0	1	1	1	1	1	1	1	1	1	1	1	1	1
rxn07879_c0	1	1	1	1	1	1	1	1	1	1	1	1	1
rxn07880_c0	1	1	1	1	1	1	1	1	1	1	1	1	1
rxn07882_c0	1	1	1	1	1	1	1	1	1	1	1	1	1
rxn07883_c0	1	1	1	1	1	1	1	1	1	1	1	1	1
rxn07884_c0	1	1	1	1	1	1	1	1	1	1	1	1	1
rxn07919_c0	1	1	1	1	1	1	1	1	1	1	1	1	1
rxn07921_c0	1	1	1	1	1	1	1	1	1	1	1	1	1
rxn07987_c0	1	1	1	1	1	1	1	1	1	0	1	1	1
rxn07989_c0	1	1	1	1	1	1	1	1	1	0	1	1	1
rxn07991_c0	1	1	1	1	1	1	1	1	1	0	1	1	1
rxn07992_c0	1	1	1	1	1	1	1	1	1	0	1	1	1
rxn07993_c0	1	1	1	1	1	1	1	1	1	0	1	1	1
rxn07997_c0	1	1	1	1	1	1	1	1	1	0	1	1	0
rxn07998_c0	1	1	1	1	1	1	1	1	1	0	1	1	0
rxn08000_c0	1	1	1	1	1	1	1	1	1	0	1	1	0
rxn08001_c0	1	1	1	1	1	1	1	1	1	0	1	1	0
rxn08002_c0	1	1	1	1	1	1	1	1	1	0	1	1	0
rxn08032_c0	1	1	1	1	1	1	1	1	1	1	1	1	1
rxn08040_c0	1	1	1	1	1	1	1	1	1	1	1	1	1
rxn08043_c0	1	1	1	1	1	1	1	1	1	1	1	1	1
rxn08044_c0	0	0	0	0	0	0	1	0	0	0	0	0	0
rxn08062_c0	1	1	1	1	1	1	1	1	1	1	1	1	1
rxn08094_c0	1	1	1	1	1	1	1	1	1	1	1	1	1
rxn08097_c0	1	1	1	1	1	1	1	1	1	1	1	1	1
rxn08126_c0	1	1	1	1	1	1	1	1	1	0	1	1	0
rxn08127_c0	1	1	1	1	1	1	1	1	1	0	1	1	0
rxn08128_c0	1	1	1	1	1	1	1	1	1	0	1	1	0
rxn08129_c0	1	1	1	1	1	1	1	1	1	0	1	1	0
rxn08154_c0	1	1	1	1	1	1	1	1	1	1	1	1	1
rxn08160_c0	1	1	1	1	1	1	1	1	1	1	1	1	1
rxn08173_c0	1	1	1	1	1	1	1	1	1	1	1	1	1
rxn08188_c0	1	1	1	0	1	1	1	1	1	1	1	0	0
rxn08194_c0	1	1	1	1	1	1	1	1	1	1	1	0	0
rxn08233_c0	1	1	1	1	1	1	1	1	1	1	1	1	1
rxn08239_c0	1	1	1	1	1	1	1	1	1	1	1	1	1
rxn08240_c0	1	1	1	0	1	1	1	1	1	1	1	0	1
rxn08275_c0	1	1	1	1	1	1	1	1	1	1	1	1	1
rxn08276_c0	1	1	1	1	1	1	1	1	1	1	1	1	1
rxn08278_c0	1	1	1	0	1	1	0	0	0	0	1	1	1
rxn08280_c0	1	1	1	1	1	1	1	1	1	1	1	1	1
rxn08291_c0	1	1	1	1	1	0	1	0	1	0	0	1	0
rxn08311_c0	1	1	1	1	1	1	1	1	1	1	1	1	1
rxn08323_c0	1	1	1	1	1	1	1	1	1	1	1	1	1
rxn08335_c0	1	1	1	1	1	1	1	1	1	1	1	1	0
rxn08336_c0	1	1	1	1	1	1	1	1	1	1	1	1	0
rxn08350_c0	0	1	0	0	0	0	0	0	0	0	0	0	0
rxn08352_c0	1	1	1	1	1	1	1	1	1	1	1	1	1
rxn08358_c0	1	1	1	1	1	1	1	1	1	1	1	1	1
rxn08359_c0	1	1	1	1	1	1	1	1	1	1	1	1	1
rxn08386_c0	1	1	1	1	1	1	1	1	1	0	1	1	0
rxn08390_c0	1	1	1	1	1	1	1	1	1	0	1	1	0
rxn08392_c0	1	1	1	1	1	1	1	1	1	0	1	1	0
rxn08394_c0	1	1	1	1	1	1	1	1	1	0	1	1	0
rxn08398_c0	1	1	1	1	1	1	1	1	1	0	1	1	0
rxn08413_c0	1	1	1	1	1	1	1	1	1	1	1	1	1
rxn08428_c0	1	1	1	1	1	1	1	1	1	1	1	1	1
rxn08433_c0	1	1	1	1	1	1	1	1	1	1	1	1	1
rxn08434_c0	1	1	1	1	1	1	1	1	1	1	1	1	1
rxn08438_c0	1	1	1	1	1	1	1	1	1	1	1	1	1
rxn08461_c0	1	1	1	1	1	1	1	1	1	1	1	1	1
rxn08473_c0	1	1	1	0	1	1	1	1	1	1	1	0	0
rxn08474_c0	1	1	1	0	1	1	1	1	1	1	1	0	0
rxn08527_c0	0	1	1	1	1	1	0	1	0	1	1	0	0
rxn08528_c0	0	0	0	0	1	1	0	0	0	0	0	0	0
rxn08535_c0	0	1	0	0	0	0	1	0	0	0	0	0	0
rxn08578_c0	1	1	1	1	1	1	1	1	1	1	1	1	1
rxn08582_c0	0	0	0	0	0	1	0	1	0	0	1	0	0
rxn08598_c0	1	1	1	1	1	1	1	1	1	1	1	1	1
rxn08605_c0	1	1	1	1	1	1	1	1	1	1	1	1	1
rxn08615_c0	1	1	1	1	1	1	1	1	1	1	1	1	1
rxn08635_c0	1	1	1	1	1	1	1	1	1	1	1	1	1
rxn08647_c0	1	1	1	1	1	1	1	1	1	0	1	1	0
rxn08655_c0	1	1	1	1	1	1	1	1	1	0	1	1	0
rxn08660_c0	0	0	0	0	0	0	0	0	0	0	0	0	1
rxn08661_c0	1	1	1	1	1	1	1	1	1	1	1	1	1
rxn08670_c0	1	1	1	1	1	1	1	1	1	1	1	1	0
rxn08685_c0	1	1	1	1	1	1	1	1	1	1	1	1	1
rxn08689_c0	1	1	1	1	1	1	1	1	1	1	1	1	1
rxn08691_c0	1	1	1	1	1	1	1	1	1	1	1	1	1
rxn08700_c0	1	1	1	1	1	1	1	1	1	1	1	1	1
rxn08715_c0	1	1	1	1	1	1	1	1	1	1	1	1	1
rxn08733_c0	1	1	1	1	1	1	1	1	1	1	1	1	1
rxn08742_c0	0	0	0	0	0	0	1	0	0	0	0	0	0
rxn08751_c0	1	1	1	1	1	1	1	1	1	1	1	1	1
rxn08752_c0	1	1	1	1	1	1	1	1	1	1	1	1	1
rxn08756_c0	1	1	1	1	1	1	1	1	1	1	1	1	1
rxn08762_c0	1	1	1	1	1	1	1	1	1	1	1	1	1
rxn08764_c0	1	1	1	1	1	1	1	1	1	1	1	1	1
rxn08766_c0	1	1	1	1	1	1	1	1	1	1	1	1	1
rxn08767_c0	1	1	1	1	1	1	1	1	1	1	1	1	1
rxn08854_c0	1	1	1	1	1	1	1	1	1	1	1	1	1
rxn08857_c0	1	1	1	1	1	1	1	1	1	1	1	1	1
rxn08877_c0	1	1	1	1	1	1	1	1	1	1	1	1	1
rxn08890_c0	1	1	1	1	1	1	1	1	1	1	1	1	1
rxn08891_c0	1	1	1	1	1	1	1	1	1	1	1	1	1
rxn08892_c0	1	1	1	1	1	1	1	1	1	1	1	1	1
rxn08893_c0	1	1	1	1	1	1	1	1	1	1	1	1	1
rxn08894_c0	1	1	1	1	1	1	1	1	1	1	1	1	1
rxn08900_c0	1	1	1	1	1	1	1	1	1	1	1	1	0
rxn08901_c0	1	1	1	1	1	1	1	1	1	1	1	1	0
rxn08921_c0	1	1	1	0	1	1	1	1	1	1	1	0	0
rxn08924_c0	1	1	1	1	1	1	1	1	1	1	1	1	1
rxn08926_c0	0	0	0	0	0	0	1	0	0	0	0	0	0
rxn08927_c0	0	0	0	0	0	0	1	0	0	0	0	0	0
rxn08928_c0	0	0	0	0	0	0	1	0	0	0	0	0	0
rxn08929_c0	0	0	0	0	0	0	1	0	0	0	0	0	0
rxn08930_c0	0	0	0	0	0	0	1	0	0	0	0	0	0
rxn08956_c0	1	1	1	1	1	1	1	1	1	1	1	1	1
rxn08966_c0	1	1	1	1	1	1	1	1	1	1	1	1	1
rxn08981_c0	1	1	1	1	1	1	1	1	1	1	1	1	1
rxn08989_c0	1	1	1	1	1	1	1	1	1	1	1	1	1
rxn08990_c0	1	1	1	1	1	1	1	1	1	1	1	1	1
rxn09008_c0	1	1	1	1	1	1	1	1	1	1	1	1	1
rxn09011_c0	1	1	1	1	1	1	1	1	1	0	1	1	0
rxn09012_c0	1	1	1	1	1	1	1	1	1	0	1	1	0
rxn09067_c0	1	1	1	1	1	1	1	1	1	1	1	1	1
rxn09106_c0	1	1	1	1	1	1	1	1	1	1	1	1	1
rxn09113_c0	1	1	1	1	1	1	1	1	1	1	1	1	1
rxn09115_c0	1	1	1	1	1	1	1	1	1	1	1	1	1
rxn09120_c0	0	0	0	0	0	0	1	0	0	0	0	0	1
rxn09165_c0	0	0	0	0	0	1	0	1	0	0	0	0	1
rxn09167_c0	1	1	1	1	1	1	1	1	1	1	1	1	0
rxn09169_c0	1	1	1	1	1	1	1	1	1	1	1	1	1
rxn09171_c0	1	1	1	1	1	1	1	1	1	1	1	1	1
rxn09174_c0	1	1	1	1	1	1	1	1	1	1	1	1	0
rxn09177_c0	1	1	1	1	1	1	1	1	1	0	1	1	0
rxn09180_c0	1	1	1	1	1	0	1	1	1	1	1	1	1
rxn09202_c0	1	1	1	1	1	1	1	1	1	1	1	1	1
rxn09210_c0	1	1	1	1	1	1	1	1	1	1	1	1	1
rxn09244_c0	1	1	1	1	1	1	0	1	1	0	1	0	0
rxn09247_c0	0	0	1	0	1	1	1	0	0	1	1	0	0
rxn09270_c0	1	1	1	1	1	1	1	1	1	1	1	1	1
rxn09272_c0	1	1	1	1	1	1	1	1	1	1	1	1	0
rxn09306_c0	1	1	1	1	0	1	1	1	0	0	0	0	1
rxn09317_c0	1	1	1	1	1	1	1	1	1	1	1	1	1
rxn09345_c0	0	0	0	1	0	0	0	0	0	0	0	1	1
rxn09388_c0	1	1	1	1	1	1	1	1	1	1	1	1	1
rxn09389_c0	1	1	1	0	1	1	1	1	1	1	1	0	0
rxn09399_c0	1	1	1	1	1	1	1	1	1	1	1	1	1
rxn09417_c0	0	0	0	0	1	1	0	0	0	0	0	0	0
rxn09427_c0	1	1	1	1	1	1	1	1	1	1	1	1	1
rxn09456_c0	1	1	1	1	1	1	1	1	1	1	1	1	1
rxn09475_c0	1	1	1	1	1	1	1	1	1	1	1	1	1
rxn09476_c0	1	1	1	1	1	1	1	1	1	1	1	1	1
rxn09477_c0	1	1	1	1	1	1	1	1	1	1	1	1	1
rxn09478_c0	1	1	1	1	1	1	1	1	1	1	1	1	1
rxn09479_c0	1	1	1	1	1	1	1	1	1	1	1	1	1
rxn09486_c0	0	0	0	0	0	0	0	0	0	0	0	0	1
rxn09516_c0	1	1	1	1	1	1	1	1	1	0	1	1	0
rxn09657_c0	0	0	0	0	0	0	0	0	0	0	1	0	1
rxn09672_c0	1	1	1	1	1	1	1	1	1	1	1	1	1
rxn09673_c0	1	1	1	1	1	1	1	1	1	1	1	1	1
rxn09678_c0	1	1	1	1	1	1	1	1	1	1	1	1	1
rxn09680_c0	0	0	0	0	0	0	0	0	0	1	0	0	0
rxn09690_c0	0	0	0	0	0	0	0	0	0	0	0	0	1
rxn09731_c0	1	1	1	1	1	1	1	1	1	1	1	1	1
rxn09886_c0	1	1	1	1	1	1	1	1	1	1	1	1	0
rxn09889_c0	1	1	1	1	1	1	1	1	1	1	1	1	1
rxn09944_c0	0	0	0	0	0	1	0	0	0	0	0	1	0
rxn09948_c0	1	1	1	1	1	1	1	1	1	1	1	1	1
rxn09953_c0	1	1	1	1	1	1	1	1	1	1	1	1	1
rxn09975_c0	1	1	1	1	1	1	1	1	1	0	1	1	0
rxn09989_c0	1	1	1	1	1	1	1	1	1	1	1	1	1
rxn10003_c0	0	0	0	0	0	0	0	0	0	1	0	0	0
rxn10011_c0	0	1	1	1	1	1	1	1	1	1	1	0	1
rxn10012_c0	1	1	1	1	1	1	1	1	1	1	1	0	1
rxn10013_c0	1	1	1	1	1	1	1	1	1	1	1	0	1
rxn10014_c0	1	1	1	1	1	1	1	1	1	1	1	0	1
rxn10044_c0	1	1	1	1	1	1	1	1	1	1	1	1	1
rxn10053_c0	0	0	0	1	0	1	0	1	1	1	1	1	1
rxn10054_c0	1	1	1	1	1	1	1	1	1	1	1	1	1
rxn10056_c0	1	1	1	1	1	1	1	1	1	1	1	1	1
rxn10057_c0	1	1	1	1	1	1	1	1	1	1	1	1	1
rxn10058_c0	1	1	1	1	1	1	1	1	1	1	1	1	1
rxn10059_c0	1	1	1	1	1	1	1	1	1	1	1	1	1
rxn10060_c0	1	1	1	1	1	1	1	1	1	1	1	1	1
rxn10074_c0	0	0	0	0	0	0	0	0	0	1	0	0	0
rxn10091_c0	1	1	1	1	1	1	1	1	1	1	1	0	0
rxn10191_c0	1	1	1	1	1	1	1	1	1	1	1	1	1
rxn10192_c0	1	1	1	1	1	1	1	1	1	1	1	1	1
rxn10193_c0	1	1	1	1	1	1	1	1	1	1	1	1	1
rxn10194_c0	1	1	1	1	1	1	1	1	1	1	1	1	1
rxn10195_c0	1	1	1	1	1	1	1	1	1	1	1	1	1
rxn10196_c0	1	1	1	1	1	1	1	1	1	1	1	1	1
rxn10197_c0	1	1	1	1	1	1	1	1	1	1	1	1	1
rxn10199_c0	1	1	1	1	1	1	1	1	1	1	1	1	1
rxn10204_c0	1	1	1	1	1	1	1	1	1	1	1	1	1
rxn10205_c0	1	1	1	1	1	1	1	1	1	1	1	1	1
rxn10206_c0	1	1	1	1	1	1	1	1	1	1	1	1	1
rxn10213_c0	1	1	1	1	1	1	1	1	1	1	1	1	1
rxn10214_c0	1	1	1	1	1	1	1	1	1	1	1	1	1
rxn10215_c0	1	1	1	1	1	1	1	1	1	1	1	1	1
rxn10220_c0	1	1	1	1	1	1	1	1	1	1	1	1	1
rxn10221_c0	1	1	1	1	1	1	1	1	1	1	1	1	1
rxn10226_c0	1	1	1	1	1	1	1	1	1	1	1	1	1
rxn10227_c0	1	1	1	1	1	1	1	1	1	1	1	1	1
rxn10232_c0	1	1	1	1	1	1	1	1	1	1	1	1	1
rxn10233_c0	1	1	1	1	1	1	1	1	1	1	1	1	1
rxn10238_c0	1	1	1	1	1	1	1	1	1	1	1	1	1
rxn10239_c0	1	1	1	1	1	1	1	1	1	1	1	1	1
rxn10259_c0	1	1	1	1	1	1	1	1	1	1	1	1	1
rxn10260_c0	1	1	1	1	1	1	1	1	1	1	1	1	1
rxn10265_c0	1	1	1	1	1	1	1	1	1	1	1	1	1
rxn10266_c0	1	1	1	1	1	1	1	1	1	1	1	1	1
rxn10273_c0	1	1	1	1	1	1	1	1	1	1	1	1	1
rxn10274_c0	1	1	1	1	1	1	1	1	1	1	1	1	1
rxn10275_c0	1	1	1	1	1	1	1	1	1	1	1	1	1
rxn10282_c0	1	1	1	1	1	1	1	1	1	1	1	1	1
rxn10283_c0	1	1	1	1	1	1	1	1	1	1	1	1	1
rxn10284_c0	1	1	1	1	1	1	1	1	1	1	1	1	1
rxn10291_c0	1	1	1	1	1	1	1	1	1	1	1	1	1
rxn10292_c0	1	1	1	1	1	1	1	1	1	1	1	1	1
rxn10293_c0	1	1	1	1	1	1	1	1	1	1	1	1	1
rxn10300_c0	1	1	1	1	1	1	1	1	1	1	1	1	1
rxn10301_c0	1	1	1	1	1	1	1	1	1	1	1	1	1
rxn10302_c0	1	1	1	1	1	1	1	1	1	1	1	1	1
rxn10309_c0	1	1	1	1	1	1	1	1	1	1	1	1	1
rxn10310_c0	1	1	1	1	1	1	1	1	1	1	1	1	1
rxn10311_c0	1	1	1	1	1	1	1	1	1	1	1	1	1
rxn10318_c0	1	1	1	1	1	1	1	1	1	1	1	1	1
rxn10319_c0	1	1	1	1	1	1	1	1	1	1	1	1	1
rxn10320_c0	1	1	1	1	1	1	1	1	1	1	1	1	1
rxn10336_c0	1	1	1	1	1	1	1	1	1	1	1	1	1
rxn10337_c0	1	1	1	1	1	1	1	1	1	1	1	1	1
rxn10338_c0	1	1	1	1	1	1	1	1	1	1	1	1	1
rxn10344_c0	1	1	1	1	1	1	1	1	1	1	1	1	1
rxn10363_c0	1	1	1	1	1	1	1	1	1	1	1	1	1
rxn10447_c0	1	1	1	1	1	1	1	1	1	1	1	1	1
rxn10453_c0	1	1	1	1	1	1	1	1	1	1	1	1	1
rxn10470_c0	1	1	1	1	1	1	1	1	1	1	1	1	1
rxn10471_c0	1	1	1	1	1	1	1	1	1	1	1	1	1
rxn10480_c0	1	1	1	1	1	1	1	1	1	1	1	1	1
rxn10481_c0	1	1	1	1	1	1	1	1	1	1	1	1	1
rxn10484_c0	1	1	1	1	1	1	1	1	1	1	1	1	1
rxn10558_c0	1	1	1	1	1	1	1	1	1	1	1	1	1
rxn10570_c0	1	1	1	1	1	1	1	1	1	1	1	1	1
rxn10577_c0	1	1	1	1	1	1	1	1	1	1	1	1	1
rxn10578_c0	1	1	1	1	1	1	1	1	1	1	1	1	1
rxn10582_c0	1	1	1	1	1	1	1	1	1	0	1	1	0
rxn10583_c0	1	1	1	1	1	1	1	1	1	0	1	1	0
rxn10584_c0	1	1	1	1	1	1	1	1	1	0	1	1	0
rxn10818_c0	0	1	0	0	0	0	0	0	0	0	0	0	0
rxn10820_c0	1	1	1	1	1	1	1	1	1	1	1	1	1
rxn10822_c0	1	1	1	1	1	1	1	1	1	1	1	1	1
rxn10832_c0	1	0	0	1	1	0	1	1	1	1	0	0	0
rxn10833_c0	1	1	1	1	1	1	1	1	1	1	1	1	1
rxn10839_c0	1	1	1	1	1	1	1	1	1	1	1	1	1
rxn10857_c0	1	1	1	1	1	1	1	1	1	1	1	1	1
rxn10862_c0	1	1	1	1	1	1	1	1	1	1	1	1	1
rxn10883_c0	1	1	1	1	1	1	1	1	1	1	1	1	1
rxn10895_c0	0	0	0	0	1	0	0	1	0	0	0	0	0
rxn10901_c0	1	1	1	1	1	1	1	1	1	1	1	1	1
rxn10985_c0	1	1	1	1	1	1	1	1	1	1	1	1	0
rxn11007_c0	1	1	1	1	1	1	1	1	1	1	1	1	0
rxn11132_c0	1	1	1	0	1	1	1	1	1	0	1	1	0
rxn11140_c0	1	1	1	1	1	1	1	1	1	1	1	1	1
rxn11152_c0	1	1	1	1	1	1	1	1	1	1	1	1	1
rxn11174_c0	0	0	0	0	0	0	0	0	0	1	0	0	0
rxn11196_c0	0	0	0	1	0	1	0	1	1	1	1	0	1
rxn11245_c0	1	1	1	1	1	1	1	1	1	1	1	1	1
rxn11258_c0	1	1	1	1	1	1	1	1	1	1	1	1	1
rxn11268_c0	1	1	1	1	1	1	1	1	1	1	1	1	0
rxn11513_c0	0	1	0	0	0	1	0	0	0	0	0	0	0
rxn11569_c0	1	1	1	1	1	0	1	1	1	1	1	1	1
rxn11587_c0	1	1	1	1	1	1	1	1	1	1	0	1	1
rxn11609_c0	1	1	1	1	1	1	1	1	1	1	0	1	1
rxn11663_c0	0	0	0	0	0	0	1	0	0	0	0	0	0
rxn11731_c0	1	1	1	1	1	1	1	1	1	1	1	1	1
rxn11735_c0	1	1	1	1	1	1	1	1	1	1	1	1	0
rxn11749_c0	1	0	1	1	1	1	1	1	1	1	1	1	0
rxn11754_c0	1	1	1	1	1	1	1	1	1	1	1	1	1
rxn11755_c0	1	1	1	1	1	1	1	1	0	0	1	1	0
rxn11757_c0	1	1	1	1	1	1	1	1	1	1	1	1	0
rxn11759_c0	1	1	1	1	1	1	1	1	1	1	1	1	1
rxn11760_c0	1	0	1	1	1	1	1	1	1	1	1	1	0
rxn11765_c0	1	1	1	1	1	1	1	1	1	1	1	1	1
rxn11766_c0	1	1	1	1	1	1	1	1	1	1	1	1	1
rxn11768_c0	1	1	1	1	1	1	1	1	1	0	1	1	0
rxn11771_c0	1	1	1	1	1	1	1	1	1	1	1	1	1
rxn11772_c0	1	1	1	1	1	1	1	1	1	1	1	1	1
rxn11773_c0	1	1	1	1	1	1	1	1	1	1	1	1	1
rxn11788_c0	0	1	0	0	0	1	0	0	0	0	0	0	0
rxn11809_c0	1	1	1	1	1	1	1	1	1	1	1	1	1
rxn11834_c0	1	1	1	1	1	1	1	1	1	1	1	1	1
rxn11838_c0	1	1	1	1	1	1	1	1	1	1	1	1	1
rxn11875_c0	1	1	1	1	1	1	1	1	1	1	1	1	0
rxn11877_c0	0	1	0	0	0	0	0	0	0	0	0	0	0
rxn11933_c0	1	1	1	1	1	1	1	1	1	0	1	1	0
rxn11962_c0	1	1	1	1	1	1	1	1	1	1	1	1	1
rxn11995_c0	1	1	1	1	1	1	1	1	1	1	1	1	1
rxn12038_c0	1	1	1	1	1	1	1	1	1	1	1	1	0
rxn12039_c0	1	1	1	1	1	1	1	1	1	1	1	1	0
rxn12059_c0	1	1	1	1	1	1	1	1	1	1	1	1	1
rxn12193_c0	1	1	1	1	1	1	1	1	1	1	1	1	1
rxn12204_c0	1	1	1	1	1	1	1	1	1	1	1	1	1
rxn12221_c0	0	0	0	0	0	0	0	0	0	1	0	0	0
rxn12365_c0	0	1	0	0	0	0	0	0	0	0	0	0	0
rxn12366_c0	0	1	0	0	0	0	0	0	0	0	0	0	0
rxn12368_c0	1	1	1	1	1	1	1	1	1	1	1	1	1
rxn12371_c0	1	1	1	1	1	1	1	1	1	1	1	1	1
rxn12381_c0	1	1	1	1	1	1	0	1	1	1	1	1	1
rxn12416_c0	1	1	1	1	1	1	1	1	1	1	1	1	1
rxn12423_c0	1	1	1	1	1	1	1	1	1	1	1	1	1
rxn12427_c0	1	1	1	1	1	1	1	1	1	1	1	1	1
rxn12428_c0	1	1	1	1	1	1	1	1	1	0	1	1	1
rxn12435_c0	1	1	1	1	1	1	1	1	1	1	1	1	1
rxn12440_c0	1	1	1	1	1	1	1	1	1	0	1	1	1
rxn12445_c0	1	1	1	1	1	1	0	1	1	1	1	1	1
rxn12446_c0	1	1	1	1	1	1	1	1	1	1	1	1	1
rxn12459_c0	1	1	1	0	1	1	1	1	1	0	1	1	1
rxn12504_c0	1	1	1	0	1	1	1	1	1	1	1	0	0
rxn12510_c0	1	1	1	1	1	1	1	1	1	1	1	1	1
rxn12512_c0	1	1	1	1	1	1	1	1	1	0	1	1	1
rxn12554_c0	1	1	1	1	1	0	0	1	0	1	1	1	1
rxn12562_c0	1	1	1	1	1	1	1	1	1	1	1	1	1
rxn12597_c0	1	1	1	0	1	0	1	1	1	0	1	0	1
rxn12598_c0	0	1	0	0	0	0	0	0	0	0	0	0	0
rxn12649_c0	1	1	1	1	1	1	1	1	1	1	1	1	1
rxn12708_c0	1	0	0	1	1	0	1	1	1	1	0	0	0
rxn12750_c0	1	1	1	1	1	1	1	1	1	1	1	1	1
rxn12781_c0	1	1	1	1	1	1	1	1	1	0	1	1	0
rxn12782_c0	1	1	1	1	1	1	1	1	1	0	1	1	0
rxn12811_c0	0	1	1	0	1	1	0	0	0	0	1	0	0
rxn12952_c0	1	1	1	1	1	1	1	1	1	1	1	0	1
rxn12955_c0	1	1	1	1	1	1	1	1	1	1	1	0	1
rxn13085_c0	0	1	0	0	0	0	0	0	0	0	0	0	0
rxn13141_c0	0	0	0	0	0	0	0	0	0	0	0	0	1
rxn13229_c0	1	1	1	1	1	1	1	1	1	1	1	1	1
rxn13251_c0	1	1	1	1	1	1	1	1	1	1	1	1	0
rxn13301_c0	1	1	1	1	1	1	1	1	1	1	1	1	1
rxn13314_c0	1	1	1	1	1	1	1	1	1	1	1	1	1
rxn13321_c0	1	1	1	1	1	0	1	1	1	1	1	1	0
rxn13361_c0	0	0	0	0	0	0	1	0	0	0	0	0	0
rxn13392_c0	1	1	1	1	1	1	1	1	1	1	1	1	1
rxn13395_c0	0	0	0	0	0	0	0	0	0	1	0	0	1
rxn13411_c0	1	1	1	0	1	1	1	1	1	0	1	1	1
rxn13419_c0	1	1	1	1	1	1	1	1	1	1	1	1	0
rxn13450_c0	1	1	1	1	1	1	1	1	1	1	1	1	1
rxn13519_c0	0	0	0	0	0	0	0	0	0	0	0	0	1
rxn13667_c0	1	1	1	1	1	1	1	1	1	0	1	1	0
rxn13668_c0	1	1	1	1	1	1	1	1	1	0	1	1	0
rxn13669_c0	1	1	1	1	1	1	1	1	1	0	1	1	0
rxn13671_c0	1	1	1	1	1	1	1	1	1	0	1	1	0
rxn13673_c0	1	1	1	1	1	1	1	1	1	0	1	1	0
rxn13689_c0	1	1	1	1	1	1	1	1	1	1	1	1	1
rxn13706_c0	0	0	0	0	1	1	0	0	0	0	0	0	0
rxn13707_c0	0	0	0	0	1	1	0	0	0	0	0	0	0
rxn13741_c0	1	1	1	0	1	1	1	1	1	0	1	1	0
rxn13753_c0	1	1	1	1	1	1	1	1	1	1	1	1	1
rxn13766_c0	1	1	1	1	1	1	1	1	1	1	1	1	1
rxn13773_c0	1	1	1	1	1	1	1	1	1	1	1	1	0
rxn13787_c0	1	1	0	1	0	0	0	0	0	0	0	1	1
rxn13794_c0	1	1	1	1	1	1	1	1	1	1	1	1	1
rxn13812_c0	1	1	1	1	1	1	1	1	1	1	1	1	1
rxn13849_c0	1	1	1	1	1	1	1	1	1	1	1	1	1
rxn13853_c0	1	1	1	1	1	1	1	1	1	1	1	1	1
rxn13893_c0	0	0	0	0	0	1	0	0	0	0	0	0	0
rxn14054_c0	1	1	1	1	1	1	1	1	1	1	1	1	1
rxn14089_c0	1	1	1	1	1	1	1	1	1	1	1	1	1
rxn14120_c0	1	1	1	1	1	1	1	1	1	1	1	1	1
rxn14138_c0	1	1	1	1	1	1	1	1	1	1	1	1	1
rxn14157_c0	1	1	1	1	1	0	1	1	1	1	1	1	1
rxn14167_c0	1	1	1	1	1	1	1	1	1	1	1	1	1
rxn14245_c0	1	1	1	1	1	1	1	1	1	1	1	1	0
rxn14359_c0	1	1	1	1	1	1	1	1	1	1	1	1	1
rxn15005_c0	0	0	0	0	0	0	1	0	0	0	0	0	0
rxn15010_c0	1	1	1	1	1	1	1	1	1	1	1	1	1
rxn15011_c0	1	1	1	1	1	1	1	1	1	1	1	1	1
rxn15021_c0	1	1	1	1	1	1	1	1	1	1	1	1	0
rxn15022_c0	1	1	1	1	1	1	1	1	1	1	1	1	1
rxn15023_c0	1	1	1	1	1	1	1	1	1	1	1	1	1
rxn15035_c0	0	0	0	0	0	0	0	0	0	1	0	0	0
rxn15044_c0	1	1	1	1	1	1	1	1	1	1	1	1	1
rxn15055_c0	0	0	0	0	0	0	1	0	0	0	0	0	0
rxn15056_c0	1	1	1	1	1	1	1	1	1	1	1	1	0
rxn15057_c0	1	1	1	1	1	1	1	1	1	1	1	1	0
rxn15060_c0	1	1	0	0	1	1	0	0	0	0	1	1	0
rxn15061_c0	1	1	1	1	1	1	1	1	1	1	1	1	1
rxn15063_c0	1	1	1	1	1	1	1	1	1	1	1	1	1
rxn15064_c0	1	1	1	1	1	1	1	1	1	1	1	1	0
rxn15065_c0	1	1	1	1	1	1	1	1	1	1	1	1	1
rxn15066_c0	1	1	1	1	1	1	1	1	1	1	1	1	1
rxn15067_c0	1	1	1	1	1	1	1	1	1	1	1	1	1
rxn15068_c0	1	1	1	1	1	1	1	1	1	1	1	1	1
rxn15081_c0	0	0	0	0	0	0	0	0	0	1	0	0	0
rxn15082_c0	0	0	0	0	0	0	0	0	0	1	0	0	0
rxn15087_c0	0	0	0	0	0	0	0	0	0	1	0	0	0
rxn15094_c0	1	1	1	0	1	0	1	0	1	0	0	1	0
rxn15106_c0	1	1	1	1	1	1	1	1	1	1	1	0	0
rxn15107_c0	1	1	1	1	1	1	1	1	1	1	1	0	0
rxn15108_c0	1	1	1	1	1	1	1	1	1	1	1	1	1
rxn15112_c0	0	0	0	0	0	0	0	0	0	0	0	0	1
rxn15113_c0	1	1	1	1	1	1	1	1	1	1	1	1	1
rxn15114_c0	1	0	0	1	1	0	0	0	0	0	0	0	0
rxn15115_c0	1	1	1	1	1	1	1	1	1	1	1	1	1
rxn15116_c0	1	1	1	1	1	1	1	1	1	1	1	1	1
rxn15118_c0	1	1	1	1	1	1	1	1	1	0	1	1	1
rxn15138_c0	1	1	1	1	1	1	1	1	1	1	0	1	1
rxn15139_c0	1	1	1	1	1	1	1	1	1	1	0	1	1
rxn15140_c0	1	1	1	1	1	1	1	1	1	1	0	1	1
rxn15141_c0	1	1	1	1	1	1	1	1	1	1	0	1	1
rxn15142_c0	1	1	1	1	1	1	1	1	1	1	0	1	1
rxn15143_c0	1	1	1	1	1	1	1	1	1	1	0	1	1
rxn15152_c0	1	1	1	1	1	1	1	1	1	1	0	1	1
rxn15153_c0	1	1	1	1	1	1	1	1	1	1	0	1	1
rxn15161_c0	1	1	1	1	1	1	1	1	1	1	1	1	1
rxn15166_c0	1	1	1	1	1	1	1	1	1	1	1	1	1
rxn15167_c0	1	1	1	1	1	1	1	1	1	1	1	1	0
rxn15171_c0	1	1	1	1	1	1	1	1	1	1	1	1	0
rxn15172_c0	1	1	1	1	1	1	1	1	1	1	1	1	0
rxn15179_c0	1	1	1	1	1	1	1	1	1	1	0	1	1
rxn15191_c0	0	0	0	0	0	0	0	0	0	1	0	0	0
rxn15192_c0	0	0	0	0	0	0	0	0	0	1	0	0	0
rxn15205_c0	0	0	0	1	0	1	0	1	0	1	0	0	0
rxn15206_c0	0	0	0	1	0	1	0	1	0	1	0	0	0
rxn15213_c0	1	1	0	1	1	1	1	1	1	1	0	0	0
rxn15220_c0	1	1	1	1	1	1	1	1	1	1	1	1	1
rxn15222_c0	1	1	1	1	1	1	1	1	1	1	1	1	1
rxn15228_c0	1	0	0	0	1	0	0	0	1	0	0	0	0
rxn15266_c0	1	1	1	1	1	1	1	1	1	1	1	1	1
rxn15267_c0	1	1	1	1	1	1	1	1	1	1	1	1	1
rxn15271_c0	0	0	0	1	0	0	0	0	0	1	0	0	0
rxn15278_c0	1	1	1	1	1	1	1	1	1	1	1	1	1
rxn15279_c0	1	1	1	1	1	1	1	1	1	1	1	1	1
rxn15280_c0	1	1	1	1	1	1	1	1	1	1	1	1	0
rxn15281_c0	1	1	1	1	1	1	1	1	1	1	1	1	0
rxn15293_c0	1	1	0	1	1	1	1	1	1	1	0	0	0
rxn15296_c0	1	1	1	1	1	1	1	1	1	1	1	1	1
rxn15298_c0	1	1	1	1	1	1	1	1	1	1	1	1	1
rxn15317_c0	1	1	1	1	1	1	1	1	1	1	1	1	1
rxn15324_c0	1	1	1	1	1	1	1	1	1	1	1	0	0
rxn15325_c0	1	1	1	1	1	1	1	1	1	1	1	0	0
rxn15359_c0	1	1	1	1	1	1	1	1	1	1	1	1	1
rxn15360_c0	1	1	1	1	1	1	1	1	1	1	1	1	1
rxn15364_c0	1	1	1	1	1	1	1	1	1	1	1	1	1
rxn15370_c0	1	1	1	1	1	1	1	1	1	1	1	1	0
rxn15373_c0	1	1	1	1	1	1	1	1	1	1	1	1	0
rxn15378_c0	1	1	1	1	1	1	1	1	1	1	1	1	1
rxn15379_c0	1	1	1	1	1	1	1	1	1	1	0	1	1
rxn15380_c0	1	1	1	1	1	1	1	1	1	1	0	1	1
rxn15395_c0	1	1	1	1	1	1	1	1	1	1	1	1	1
rxn15401_c0	1	1	1	1	1	1	1	1	1	1	1	1	1
rxn15406_c0	0	0	0	0	0	0	1	0	0	0	0	0	0
rxn15417_c0	1	1	1	1	1	1	1	1	1	1	0	1	1
rxn15418_c0	1	1	1	1	1	1	1	1	1	1	0	1	1
rxn15444_c0	1	1	1	1	1	1	1	1	1	1	0	1	1
rxn15445_c0	1	1	1	1	1	1	1	1	1	1	0	1	1
rxn15451_c0	0	0	0	0	0	0	1	0	0	0	0	0	0
rxn15466_c0	1	1	1	1	1	1	1	1	1	1	1	1	1
rxn15467_c0	1	1	1	1	1	1	1	1	1	1	1	1	1
rxn15468_c0	1	1	1	1	1	1	1	1	1	1	0	1	1
rxn15469_c0	1	1	1	1	1	1	1	1	1	1	0	1	1
rxn15478_c0	0	0	0	0	0	0	1	0	0	0	0	0	0
rxn15491_c0	1	1	1	1	1	1	1	1	1	1	1	1	0
rxn15493_c0	1	1	1	1	1	1	1	1	1	1	1	1	1
rxn15494_c0	1	1	1	1	1	1	1	1	1	1	1	1	0
rxn15495_c0	1	1	1	1	1	1	1	1	1	1	1	1	1
rxn15500_c0	1	1	1	1	1	1	1	1	1	1	1	1	1
rxn15507_c0	1	1	1	1	1	1	1	1	1	1	1	1	1
rxn15510_c0	1	1	1	1	1	1	1	1	1	1	1	1	1
rxn15511_c0	1	1	1	1	1	1	1	1	1	1	1	1	1
rxn15539_c0	1	1	1	1	1	1	1	1	1	1	1	1	1
rxn15541_c0	1	1	1	1	1	1	1	1	1	1	0	1	1
rxn15560_c0	1	1	1	1	1	1	1	1	1	1	1	1	1
rxn15594_c0	1	1	1	1	1	1	1	1	1	1	1	1	1
rxn15664_c0	1	1	1	1	1	1	1	1	1	1	1	1	1
rxn15665_c0	1	1	1	1	1	1	1	1	1	1	1	1	1
rxn15694_c0	1	1	1	1	1	1	1	1	1	1	1	1	1
rxn15699_c0	1	1	1	1	1	1	1	1	1	1	1	1	1
rxn15725_c0	0	1	0	0	0	1	0	0	0	0	0	0	0
rxn15727_c0	0	1	0	0	0	1	0	0	0	0	0	0	0
rxn15745_c0	0	0	0	0	0	0	1	0	0	0	0	0	0
rxn15947_c0	1	0	1	1	1	1	1	1	1	1	1	1	1
rxn15949_c0	1	0	1	1	1	1	1	1	1	1	1	1	1
rxn15964_c0	1	1	1	1	1	1	1	1	1	1	1	1	1
rxn15972_c0	1	1	1	1	1	1	1	1	1	0	1	0	0
rxn16106_c0	1	1	1	1	1	1	1	1	1	1	1	1	1
rxn16140_c0	1	1	1	1	1	1	1	1	1	1	1	1	1
rxn16149_c0	1	0	0	1	1	0	1	1	1	0	0	0	0
rxn16206_c0	1	1	1	1	1	1	1	1	1	1	1	1	1
rxn16213_c0	1	1	1	1	1	1	1	1	1	1	1	1	1
rxn16350_c0	1	1	1	1	1	1	1	1	1	0	1	1	1
rxn17400_c0	1	0	0	1	1	0	1	1	1	1	0	0	0
rxn18926_c0	1	0	0	1	1	0	1	1	1	1	0	0	0
rxn19124_c0	1	1	1	1	1	1	1	1	1	0	1	1	0
rxn19220_c0	1	1	1	1	1	1	1	1	1	1	1	1	1
rxn20595_c0	1	1	1	1	1	1	1	1	1	1	1	1	1
rxn21854_c0	1	1	1	1	1	1	1	1	1	0	1	1	0
rxn22013_c0	1	1	1	1	1	1	1	1	1	1	1	1	1
rxn25164_c0	1	1	1	1	1	1	1	1	1	1	1	1	1
rxn25837_c0	1	1	1	1	1	1	1	1	1	1	1	1	1
rxn25838_c0	1	1	1	1	1	1	1	1	1	1	1	1	1
rxn26477_c0	1	1	1	1	1	1	1	1	1	1	1	1	0
rxn27289_c0	0	0	0	0	0	1	0	0	0	0	1	0	0
rxn27812_c0	1	1	1	1	1	1	1	1	1	1	1	1	0
rxn27984_c0	1	1	1	1	1	1	1	1	1	0	1	1	0
rxn29001_c0	0	0	0	0	0	0	1	0	0	0	0	0	0
rxn29736_c0	1	1	1	1	1	1	1	1	1	1	1	1	1
rxn31154_c0	1	1	1	1	1	1	1	1	1	1	1	1	1
rxn31278_c0	1	1	1	1	1	1	1	1	1	1	1	1	1
rxn31279_c0	1	1	1	1	1	1	1	1	1	1	1	1	1
rxn31312_c0	1	1	1	1	1	1	1	1	1	1	1	1	0
rxn31363_c0	1	1	1	1	1	1	1	1	1	0	1	1	0
rxn32623_c0	1	1	1	1	1	1	1	1	1	1	1	1	1
rxn32808_c0	1	1	1	1	1	1	1	1	1	1	1	1	1
rxn33047_c0	1	1	1	1	1	1	1	1	1	1	1	1	1
rxn33160_c0	1	1	1	1	1	1	1	1	1	0	1	1	0
rxn33320_c0	1	1	1	1	1	1	1	1	1	1	1	1	1
rxn33576_c0	1	1	1	1	1	1	1	1	1	1	1	1	1
rxn33589_c0	1	1	1	1	1	1	1	1	1	1	1	1	0
rxn33674_c0	1	1	1	1	1	1	1	1	1	1	1	1	1
rxn33834_c0	1	1	1	1	1	1	1	1	1	1	1	1	1
rxn34300_c0	1	1	1	1	1	1	1	1	1	0	1	1	0
rxn34724_c0	1	1	1	1	1	1	1	1	1	1	1	1	1
rxn37613_c0	1	1	1	1	1	1	1	1	1	1	1	1	1
rxn38189_c0	1	1	1	1	1	1	1	1	1	0	1	1	0
rxn38279_c0	0	0	0	0	0	0	1	0	0	0	0	0	0
rxn38862_c0	1	1	1	1	1	1	1	1	1	0	1	1	0
rxn39175_c0	1	1	1	1	1	1	1	1	1	1	1	1	1
rxn39250_c0	1	1	1	1	1	1	1	1	1	1	1	1	1
rxn39251_c0	1	1	1	1	1	1	1	1	1	1	1	1	1
rxn39252_c0	1	1	1	1	1	1	1	1	1	1	1	1	1
rxn40746_c0	1	1	1	1	1	1	1	1	1	1	1	1	1
rxn41554_c0	1	1	1	1	1	1	1	1	1	1	1	1	1
rxn41945_c0	1	1	1	1	1	1	1	1	1	1	1	1	1
rxn43262_c0	1	1	1	1	1	1	1	1	1	1	1	1	1
rxn43573_c0	1	1	1	1	1	1	1	1	1	1	1	1	1
rxn45097_c0	1	1	1	1	1	1	1	1	1	0	1	1	0
rxn45361_c0	1	1	1	1	1	1	1	1	1	1	1	1	1
rxn46031_c0	1	1	1	1	1	1	1	1	1	1	1	1	1
rxn90001_c0	1	1	1	1	1	1	1	1	1	1	1	1	1
rxn90005_c0	1	1	1	1	1	1	1	1	1	1	1	1	1
rxn90009_c0	1	1	1	1	1	1	1	1	1	1	1	1	1
rxn90013_c0	1	1	1	1	1	1	1	1	1	1	1	1	1
rxn90014_c0	1	1	1	1	1	1	1	1	1	1	1	1	1
rxn90015_c0	1	1	1	1	1	1	1	1	1	1	1	1	1
rxn90016_c0	1	1	1	1	1	1	1	1	1	1	1	1	1
rxn90017_c0	0	0	0	0	0	1	0	0	0	0	1	0	0
rxn90018_c0	1	1	1	1	1	1	1	1	1	1	1	1	1
rxn90019_c0	1	1	1	1	1	1	1	1	1	1	1	1	1
rxn90022_c0	1	1	1	1	1	1	1	1	1	1	1	1	1
rxn90023_c0	1	1	1	1	1	1	1	1	1	1	1	1	1
rxn90024_c0	1	1	1	1	1	1	1	1	1	1	1	1	1
rxn90029_c0	1	1	1	1	1	1	1	1	1	1	1	1	1
rxn90046_c0	0	1	0	0	0	0	0	0	0	0	0	0	0
rxn90051_c0	1	1	1	1	1	1	1	1	1	1	1	1	1
rxn90053_c0	1	1	1	1	1	1	1	1	1	1	1	1	0
rxn90054_c0	0	1	1	0	0	0	0	1	0	0	1	0	0
rxn90055_c0	1	1	1	1	1	1	1	1	1	1	1	1	1
rxn90073_c0	1	1	1	1	1	1	1	1	1	1	1	1	0
rxn90075_c0	1	1	1	1	1	1	1	1	1	0	1	1	0
rxn90081_c0	1	1	1	1	1	1	1	1	1	1	1	1	1
rxn90086_c0	1	1	1	1	1	1	1	1	1	1	1	1	1
rxn90096_c0	1	1	1	1	1	0	1	1	1	1	1	1	1
rxn90105_c0	1	1	1	1	1	1	1	1	1	1	1	1	1
rxn90115_c0	1	1	1	1	1	1	1	1	1	1	1	1	0
